x;y
20.3211;18.4679
20.3211;18.4679
20.3211;18.4679
20.3211;18.4679
20.3211;18.4679
20.3211;18.4679
20.3211;18.4679
20.3211;18.4679
20.3211;18.4679
20.3211;18.4679
20.3211;18.4679
20.3211;18.4679
20.3211;18.4679
20.3211;18.4679
20.3211;18.4679
20.3211;18.4679
20.3211;18.4679
20.3211;18.4679
20.3211;18.4679
20.321;18.4678
20.3211;18.4679
20.3211;18.4679
20.3211;18.4679
20.3211;18.4679
20.321;18.4678
20.321;18.4678
20.3211;18.4679
20.321;18.4678
20.321;18.4678
20.321;18.4678
20.321;18.4678
20.321;18.4678
20.321;18.4678
20.321;18.4678
20.321;18.4678
20.321;18.4678
20.321;18.4678
20.321;18.4678
20.321;18.4678
20.321;18.4678
20.321;18.4678
20.321;18.4678
20.321;18.4678
20.321;18.4678
20.321;18.4678
20.321;18.4678
20.321;18.4678
20.321;18.4678
20.321;18.4678
20.321;18.4678
20.321;18.4678
20.321;18.4678
20.321;18.4678
20.321;18.4678
20.321;18.4678
20.321;18.4678
20.321;18.4678
20.321;18.4678
20.321;18.4678
20.3209;18.4677
20.321;18.4678
20.3209;18.4677
20.3209;18.4676
20.3209;18.4677
20.3209;18.4677
20.3209;18.4677
20.3209;18.4677
20.3209;18.4677
20.3209;18.4677
20.3209;18.4677
20.3208;18.4676
20.3208;18.4676
20.3209;18.4677
20.3209;18.4677
20.3208;18.4676
20.3208;18.4676
20.3208;18.4676
20.3209;18.4677
20.3208;18.4676
20.3208;18.4676
20.3208;18.4676
20.3208;18.4676
20.3209;18.4677
20.3209;18.4677
20.3209;18.4677
20.3209;18.4677
20.3209;18.4677
20.3209;18.4677
20.3209;18.4677
20.3209;18.4677
20.3209;18.4677
20.3209;18.4677
20.3209;18.4677
20.3209;18.4677
20.3209;18.4677
20.3209;18.4677
20.3209;18.4677
20.3209;18.4677
20.3209;18.4677
20.3209;18.4677
20.3209;18.4677
20.3209;18.4677
20.3209;18.4677
20.3209;18.4677
20.3209;18.4677
20.3209;18.4677
20.3209;18.4677
20.3209;18.4677
20.3209;18.4677
20.3209;18.4677
20.3209;18.4677
20.3209;18.4565
20.3209;18.4565
20.3209;18.4565
20.3209;18.4565
20.3209;18.4565
20.3209;18.4565
20.3207;18.4564
20.3209;18.4565
20.3209;18.4565
20.3207;18.4564
20.3207;18.4564
20.3207;18.4564
20.3207;18.4564
20.3207;18.4564
20.3207;18.4564
20.3207;18.4564
20.3207;18.4564
20.3207;18.4564
20.3207;18.4564
20.3207;18.4564
20.3207;18.4564
20.3207;18.4564
20.3207;18.4564
20.3207;18.4564
20.3207;18.4564
20.3207;18.4564
20.3207;18.4564
20.3207;18.4564
20.3207;18.4564
20.3207;18.4564
20.3207;18.4564
20.3207;18.4564
20.3207;18.4564
20.3207;18.4564
20.3208;18.4565
20.3208;18.4566
20.3208;18.4566
20.3208;18.4565
20.3208;18.4565
20.3208;18.4565
20.3208;18.4565
20.3208;18.4566
20.3208;18.4566
20.3208;18.4565
20.3208;18.4565
20.3208;18.4565
20.3208;18.4566
20.3208;18.4566
20.3208;18.4566
20.3208;18.4566
20.3208;18.4566
20.3208;18.4566
20.3208;18.4566
20.3208;18.4566
20.3208;18.4566
20.3208;18.4566
20.3208;18.4566
20.3208;18.4566
20.3208;18.4566
20.3208;18.4566
20.3208;18.4677
20.3208;18.4677
20.3208;18.4677
20.3208;18.4677
20.3208;18.4677
20.3208;18.4677
20.3208;18.4677
20.3208;18.4677
20.3207;18.4676
20.3207;18.4676
20.3207;18.4676
20.3207;18.4676
20.3207;18.4676
20.3207;18.4676
20.3207;18.4676
20.3207;18.4676
20.3207;18.4676
20.3207;18.4676
20.3208;18.4677
20.3208;18.4677
20.3208;18.4677
20.3208;18.4677
20.3208;18.4677
20.3208;18.4677
20.3208;18.4677
20.3208;18.4677
20.3208;18.4677
20.3208;18.4677
20.3208;18.4677
20.3208;18.4677
20.3208;18.4677
20.3208;18.4677
20.3208;18.4677
20.3208;18.4677
20.3208;18.4677
20.3208;18.4677
20.3208;18.4677
20.3208;18.4677
20.3208;18.4677
20.3207;18.4675
20.3208;18.4677
20.3208;18.4677
20.3208;18.4677
20.3208;18.4677
20.3208;18.4677
20.3208;18.4677
20.3208;18.4676
20.3208;18.4676
20.3208;18.4676
20.3207;18.4675
20.3208;18.4676
20.3207;18.4675
20.3207;18.4675
20.3208;18.4676
20.3126;18.4674
20.3127;18.4676
20.3127;18.4787
20.3126;18.4785
20.3127;18.4786
20.3126;18.4785
20.3126;18.4785
20.3126;18.4785
20.3044;18.4785
20.3045;18.4785
20.3044;18.4785
20.3044;18.4785
20.3044;18.4897
20.3044;18.4897
20.3044;18.4897
20.2963;18.4897
20.2963;18.4897
20.2964;18.4897
20.2964;18.5008
20.2882;18.5008
20.2882;18.5009
20.2882;18.5009
20.2882;18.5009
20.2801;18.512
20.2801;18.512
20.2801;18.512
20.272;18.512
20.2719;18.5119
20.2719;18.5229
20.2638;18.5229
20.2638;18.5229
20.2638;18.5229
20.2556;18.5339
20.2556;18.5339
20.2556;18.5339
20.2475;18.545
20.2473;18.5449
20.2392;18.5449
20.2392;18.556
20.2392;18.556
20.231;18.556
20.231;18.5671
20.2228;18.5671
20.2228;18.5671
20.2228;18.5671
20.2147;18.5782
20.2146;18.5781
20.2065;18.5893
20.2063;18.5892
20.1982;18.5892
20.1981;18.6003
20.1898;18.6001
20.1898;18.6002
20.1815;18.6111
20.1815;18.6111
20.1733;18.6111
20.1732;18.6221
20.165;18.6221
20.1648;18.6331
20.1567;18.6331
20.1567;18.6331
20.1485;18.6442
20.1485;18.6442
20.1402;18.644
20.1402;18.6551
20.132;18.6551
20.132;18.6662
20.1237;18.666
20.1237;18.6659
20.1155;18.6771
20.1154;18.677
20.1071;18.688
20.1071;18.6879
20.0989;18.699
20.0988;18.6988
20.0907;18.6988
20.0824;18.7098
20.0822;18.7097
20.0739;18.7206
20.0657;18.7205
20.0656;18.7314
20.0573;18.7313
20.0491;18.7422
20.049;18.7421
20.0408;18.7531
20.0326;18.7529
20.0325;18.7639
20.0244;18.775
20.0161;18.7748
20.008;18.7859
19.9999;18.7969
20;18.7969
19.9919;18.808
19.984;18.8192
19.9758;18.8191
19.9678;18.8303
19.9596;18.8412
19.9515;18.8412
19.9432;18.8521
19.9351;18.8632
19.9267;18.8742
19.9186;18.8742
19.9104;18.8852
19.9023;18.8964
19.8941;18.9074
19.8858;18.9184
19.8777;18.9184
19.8694;18.9294
19.8613;18.9405
19.853;18.9515
19.8447;18.9625
19.8364;18.9623
19.8283;18.9734
19.82;18.9843
19.8118;18.9954
19.8036;19.0064
19.7954;19.0174
19.7872;19.0284
19.7708;19.0393
19.7625;19.0391
19.7543;19.0501
19.7459;19.0609
19.7375;19.0717
19.7292;19.0825
19.7208;19.0934
19.7042;19.1041
19.6958;19.115
19.6874;19.1259
19.6791;19.1368
19.6708;19.1477
19.6545;19.1587
19.6462;19.1696
19.638;19.1807
19.6298;19.1918
19.6135;19.2029
19.6051;19.2138
19.5968;19.2248
19.5885;19.2358
19.5721;19.2468
19.5639;19.2579
19.5556;19.2689
19.5393;19.2799
19.5311;19.291
19.5148;19.3021
19.5066;19.3132
19.4985;19.3244
19.4821;19.3465
19.4739;19.3576
19.4576;19.3687
19.4494;19.3797
19.4331;19.3908
19.4248;19.4018
19.4083;19.4238
19.4002;19.4349
19.3838;19.4458
19.3756;19.457
19.3591;19.4679
19.351;19.4901
19.3346;19.5011
19.3184;19.5122
19.3102;19.5232
19.294;19.5454
19.2859;19.5566
19.2698;19.5677
19.2535;19.5788
19.2372;19.6011
19.229;19.6121
19.2128;19.6232
19.1967;19.6455
19.1887;19.6568
19.1726;19.668
19.1565;19.6904
19.1484;19.7016
19.132;19.7127
19.1156;19.7348
19.0992;19.7457
19.0827;19.7566
19.0743;19.7785
19.0578;19.7893
19.0414;19.8002
19.025;19.8222
19.0087;19.8333
19.0004;19.8554
18.9843;19.8665
18.9681;19.8777
18.9517;19.8997
18.9353;19.9106
18.919;19.9217
18.911;19.9441
18.8949;19.9553
18.8786;19.9775
18.8624;19.9888
18.8463;20
18.8383;20.0224
18.822;20.0335
18.8057;20.0557
18.7894;20.0668
18.7732;20.078
18.7651;20.1002
18.7488;20.1111
18.7324;20.1332
18.7159;20.144
18.7075;20.1659
18.6909;20.1767
18.6745;20.1877
18.6579;20.2096
18.6415;20.2205
18.6331;20.2425
18.6165;20.2532
18.6;20.2752
18.5836;20.2862
18.5674;20.2974
18.5512;20.3196
18.5433;20.331
18.5272;20.3535
18.511;20.3647
18.4948;20.3869
18.4787;20.3981
18.4626;20.4204
18.4465;20.4316
18.4302;20.4538
18.4138;20.4646
18.3975;20.4868
18.3892;20.4977
18.3728;20.5198
18.3565;20.5309
18.3401;20.5531
18.3237;20.5641
18.3074;20.5863
18.2912;20.5972
18.2748;20.6193
18.2585;20.6303
18.2424;20.6526
18.2263;20.6639
18.2101;20.6862
18.1939;20.6974
18.1778;20.7197
18.1618;20.7421
18.1454;20.753
18.1292;20.7752
18.1132;20.7864
18.0972;20.8088
18.0809;20.8198
18.0646;20.8419
18.0481;20.8528
18.0314;20.8745
18.0148;20.8963
17.9983;20.9071
17.982;20.9293
17.9655;20.9402
17.9494;20.9625
17.9333;20.985
17.9173;20.9964
17.9011;21.0186
17.8849;21.0409
17.8688;21.052
17.8526;21.0743
17.8282;21.0853
17.8118;21.1073
17.7955;21.1295
17.779;21.1404
17.7627;21.1626
17.7463;21.1848
17.73;21.1959
17.7135;21.218
17.6971;21.2401
17.6726;21.2512
17.6562;21.2732
17.6398;21.2954
17.6234;21.3064
17.607;21.3285
17.5905;21.3506
17.5742;21.3616
17.5579;21.3838
17.5336;21.4061
17.5175;21.4284
17.5014;21.4396
17.4851;21.4618
17.469;21.4841
17.4528;21.4952
17.4283;21.5173
17.4118;21.5394
17.3955;21.5616
17.379;21.5726
17.3626;21.5947
17.3379;21.6168
17.3214;21.6389
17.3048;21.6497
17.2883;21.6718
17.2638;21.694
17.2474;21.7163
17.2311;21.7275
17.2148;21.7497
17.1986;21.7719
17.1742;21.7942
17.1579;21.8053
17.1417;21.8275
17.1254;21.8497
17.1092;21.8608
17.0848;21.883
17.0687;21.9054
17.0525;21.9277
17.0363;21.9387
17.012;21.961
16.9957;21.9831
16.9797;22.0054
16.9555;22.0167
16.9392;22.039
16.9228;22.0611
16.9063;22.0831
16.8817;22.0941
16.8654;22.1162
16.849;22.1382
16.8326;22.1602
16.8082;22.1711
16.7917;22.193
16.7756;22.2153
16.7595;22.2378
16.7352;22.2601
16.7191;22.2713
16.703;22.2936
16.6869;22.3159
16.6627;22.3383
16.6465;22.3494
16.6302;22.3715
16.6141;22.3938
16.59;22.4162
16.574;22.4275
16.5576;22.4496
16.5414;22.4717
16.5171;22.494
16.5007;22.5051
16.4842;22.5272
16.4678;22.5492
16.4433;22.5712
16.4268;22.5931
16.4105;22.6041
16.394;22.626
16.3775;22.6479
16.3528;22.6699
16.3363;22.6809
16.32;22.7031
16.3036;22.7252
16.2793;22.7477
16.2632;22.759
16.2471;22.7814
16.2309;22.8038
16.2067;22.8151
16.1907;22.8375
16.1746;22.8598
16.1586;22.8822
16.1425;22.8933
16.1182;22.9155
16.1017;22.9376
16.0852;22.9596
16.0688;22.9705
16.044;22.9924
16.0277;23.0145
16.0112;23.0365
15.9947;23.0473
15.9782;23.0693
15.9535;23.0912
15.9372;23.1134
15.9207;23.1243
15.9046;23.1465
15.8802;23.1687
15.8642;23.1911
15.8482;23.2025
15.832;23.2248
15.8159;23.247
15.7916;23.2694
15.7754;23.2805
15.7594;23.3029
15.7431;23.325
15.7187;23.3472
15.7023;23.3581
15.6859;23.3802
15.6695;23.4023
15.653;23.4244
15.6284;23.4353
15.612;23.4573
15.5957;23.4793
15.5795;23.5016
15.5633;23.5126
15.5387;23.5346
15.5223;23.5566
15.506;23.5789
15.4898;23.5901
15.4733;23.6121
15.4489;23.6343
15.4329;23.6569
15.4169;23.6682
15.4008;23.6906
15.3765;23.713
15.36;23.7351
15.3437;23.7462
15.3274;23.7684
15.303;23.7907
15.2868;23.8129
15.2704;23.835
15.254;23.846
15.2374;23.868
15.2128;23.89
15.1965;23.9123
15.1801;23.9233
15.1638;23.9455
15.1476;23.9676
15.1232;23.9899
15.1071;24.0122
15.091;24.0236
15.0748;24.0457
15.0505;24.0679
15.0343;24.0901
15.0181;24.1013
15.0017;24.1233
14.9774;24.1456
14.9613;24.1679
14.9451;24.179
14.9289;24.2011
14.9045;24.2234
14.8882;24.2455
14.8716;24.2674
14.8551;24.2782
14.8388;24.3002
14.8146;24.3224
14.7982;24.3444
14.782;24.3666
14.7659;24.3778
14.7414;24.4
14.7249;24.422
14.7085;24.4442
14.692;24.4551
14.6676;24.4772
14.6513;24.4993
14.635;24.5214
14.6188;24.5435
14.5945;24.5547
14.5783;24.577
14.5621;24.5992
14.5459;24.6214
14.5216;24.6325
14.5054;24.6548
14.4891;24.6769
14.4729;24.6992
14.4484;24.7213
14.4321;24.7324
14.4159;24.7547
14.3997;24.777
14.3832;24.7991
14.3588;24.8103
14.3425;24.8325
14.3262;24.8546
14.3099;24.8767
14.2852;24.8987
14.2689;24.9097
14.2523;24.9316
14.2361;24.9538
14.2197;24.976
14.2033;24.987
14.179;25.0092
14.1628;25.0314
14.1466;25.0537
14.1304;25.0649
14.1141;25.0871
14.0898;25.1093
14.0734;25.1315
14.0572;25.1425
14.0327;25.1647
14.0163;25.1867
14;25.2088
13.9836;25.2198
13.9674;25.2421
13.9429;25.2642
13.9266;25.2864
13.9106;25.3089
13.8945;25.3201
13.8784;25.3424
13.8539;25.3645
13.8374;25.3865
13.821;25.3973
13.8044;25.4193
13.7798;25.4413
13.7633;25.4635
13.747;25.4857
13.7306;25.4968
13.706;25.5187
13.6898;25.5409
13.6735;25.563
13.6573;25.574
13.633;25.5963
13.6168;25.6185
13.6006;25.6408
13.5842;25.663
13.5681;25.6742
13.5439;25.6965
13.5277;25.7187
13.5115;25.7408
13.4952;25.7518
13.4707;25.7738
13.4543;25.7959
13.438;25.8182
13.4219;25.8293
13.4056;25.8514
13.3811;25.8735
13.3647;25.8955
13.3485;25.9178
13.332;25.9287
13.3155;25.9508
13.2992;25.9729
13.2747;25.995
13.2585;26.0061
13.2421;26.0282
13.2256;26.0503
13.2091;26.0724
13.1847;26.0946
13.1683;26.1057
13.1519;26.1279
13.1357;26.1502
13.1113;26.1725
13.0951;26.1836
13.0788;26.2057
13.0624;26.2277
13.0462;26.2498
13.0217;26.2609
13.0053;26.2829
12.989;26.3052
12.9645;26.3162
12.9481;26.3382
12.9318;26.3603
12.9154;26.3823
12.8992;26.4046
12.8749;26.4156
12.8585;26.4377
12.842;26.4597
12.8254;26.4816
12.8008;26.4925
12.7844;26.5147
12.7681;26.5368
12.7517;26.559
12.7355;26.5812
12.7111;26.5923
12.695;26.6146
12.6788;26.6368
12.6627;26.6592
12.6388;26.6706
12.6227;26.6931
12.6065;26.7154
12.5903;26.7375
12.574;26.7485
12.5577;26.7706
12.5332;26.7925
12.5166;26.8142
12.4999;26.8249
12.4831;26.8466
12.4663;26.8683
12.4497;26.8902
12.425;26.9122
12.4085;26.923
12.3922;26.9451
12.3757;26.9671
12.3593;26.9891
12.343;27.0001
12.3267;27.0222
12.3023;27.0444
12.2862;27.0666
12.27;27.0779
12.2538;27.1001
12.2376;27.1224
12.2134;27.1338
12.1971;27.156
12.1809;27.1781
12.1645;27.2001
12.1483;27.2111
12.1319;27.233
12.1074;27.2551
12.0909;27.277
12.0745;27.2881
12.0581;27.3103
12.0415;27.3323
12.0251;27.3545
12.0087;27.3767
11.9841;27.3876
11.9678;27.4098
11.9514;27.4319
11.935;27.4541
11.9188;27.4764
11.9024;27.4875
11.878;27.5098
11.8617;27.5321
11.8454;27.5543
11.8292;27.5765
11.8128;27.5874
11.7884;27.6096
11.7721;27.6318
11.7558;27.6539
11.7392;27.6646
11.7227;27.6867
11.7063;27.7086
11.6819;27.7308
11.6656;27.7418
11.6494;27.7639
11.6334;27.7862
11.6171;27.8082
11.6009;27.8302
11.5846;27.8412
11.56;27.8631
11.5438;27.8852
11.5275;27.9073
11.511;27.9181
11.4943;27.9398
11.4696;27.9617
11.4532;27.9837
11.4366;28.0058
11.4202;28.0168
11.4039;28.0391
11.3875;28.0611
11.363;28.0833
11.3467;28.1055
11.3302;28.1275
11.3138;28.1385
11.2975;28.1607
11.2731;28.183
11.2569;28.2052
11.2405;28.2272
11.2242;28.2382
11.2079;28.2603
11.1836;28.2826
11.1674;28.3048
11.1511;28.327
11.1266;28.3491
11.1103;28.3713
11.094;28.3935
11.0695;28.4046
11.053;28.4265
11.0368;28.4486
11.0204;28.4706
10.996;28.4928
10.9797;28.515
10.9635;28.5373
10.939;28.5595
10.9227;28.5818
10.8981;28.6038
10.8817;28.6258
10.8652;28.6479
10.8408;28.67
10.8244;28.692
10.7999;28.7141
10.7835;28.7363
10.767;28.7583
10.7426;28.7805
10.7264;28.8026
10.702;28.8248
10.6857;28.8469
10.6614;28.8692
10.6452;28.8914
10.6206;28.9136
10.6044;28.9359
10.5799;28.9581
10.5635;28.9802
10.5389;29.0023
10.5222;29.0242
10.4973;29.046
10.4807;29.0679
10.4562;29.0899
10.4398;29.1119
10.4235;29.134
10.399;29.1671
10.3743;29.189
10.358;29.2111
10.3336;29.2334
10.3173;29.2556
10.2928;29.2776
10.2765;29.2998
10.2522;29.322
10.2361;29.3443
10.2119;29.3668
10.1957;29.3891
10.1712;29.4111
10.1549;29.4333
10.1304;29.4665
10.1138;29.4884
10.0896;29.5108
10.0735;29.5331
10.049;29.5551
10.0326;29.577
10.0079;29.5988
9.99098;29.6202
9.97409;29.6418
9.94935;29.6636
9.93299;29.6858
9.90852;29.708
9.89225;29.7413
9.86786;29.7635
9.85142;29.7854
9.82694;29.8075
9.81035;29.8294
9.78578;29.8515
9.76112;29.8736
9.7445;29.8956
9.71996;29.9177
9.70378;29.94
9.67924;29.962
9.66273;29.984
9.63803;30.006
9.62162;30.028
9.59717;30.0502
9.58069;30.0721
9.55604;30.094
9.53955;30.127
9.51496;30.1489
9.49855;30.171
9.47396;30.1931
9.45748;30.2152
9.43305;30.2373
9.41675;30.2594
9.39243;30.2817
9.36801;30.3039
9.35173;30.3262
9.33558;30.3486
9.31104;30.3707
9.29462;30.3928
9.27;30.4259
9.25315;30.4475
9.22833;30.4693
9.21195;30.4913
9.18739;30.5133
9.17065;30.5351
9.14581;30.557
9.12942;30.5791
9.11316;30.6013
9.08902;30.6237
9.0728;30.6459
9.04863;30.6683
9.03215;30.6904
9.00761;30.7125
8.99111;30.7345
8.96655;30.7676
8.95017;30.7897
8.92566;30.8118
8.90919;30.8338
8.88436;30.8556
8.86763;30.8774
8.84294;30.8993
8.82661;30.9214
8.80246;30.9438
8.78619;30.966
8.76157;30.9879
8.74512;31.0099
8.72069;31.0322
8.70434;31.0544
8.67986;31.0877
8.66359;31.1098
8.64744;31.1321
8.62284;31.154
8.60631;31.176
8.58159;31.198
8.56524;31.2201
8.54096;31.2423
8.52457;31.2644
8.5;31.2865
8.4836;31.3086
8.45912;31.3308
8.44278;31.3529
8.41832;31.375
8.40204;31.4083
8.38571;31.4304
8.36139;31.4527
8.34484;31.4747
8.3203;31.4967
8.30345;31.5183
8.27864;31.5401
8.26209;31.5621
8.23749;31.584
8.22135;31.6063
8.19719;31.6286
8.18129;31.6622
8.16516;31.6844
8.1407;31.7064
8.12442;31.7286
8.09994;31.7508
8.08364;31.7729
8.05902;31.795
8.04234;31.8168
8.01765;31.8498
8.00114;31.8716
7.97646;31.8935
7.96023;31.9158
7.93575;31.9378
7.91931;31.9599
7.89478;31.982
7.8782;32.015
7.85384;32.0372
7.8374;32.0593
7.81291;32.0813
7.79673;32.1036
7.77228;32.1258
7.75601;32.1481
7.7317;32.1704
7.71548;32.2038
7.69114;32.226
7.675;32.2483
7.65061;32.2706
7.63437;32.2929
7.60986;32.3151
7.59348;32.3373
7.5688;32.3705
7.55227;32.3925
7.52747;32.4144
7.51073;32.4362
7.48608;32.4583
7.46972;32.4804
7.44521;32.5026
7.42888;32.5249
7.40454;32.5583
7.38821;32.5805
7.36398;32.6027
7.34808;32.6252
7.32392;32.6474
7.30779;32.6696
7.28362;32.6919
7.25934;32.714
7.24309;32.7361
7.21863;32.7693
7.20232;32.7914
7.17792;32.8135
7.16176;32.8357
7.13749;32.8579
7.12113;32.8801
7.09662;32.9133
7.08014;32.9354
7.05548;32.9574
7.03907;32.9794
7.01468;33.0016
6.99841;33.0237
6.97396;33.0458
6.95758;33.068
6.93315;33.0902
6.91671;33.1235
6.89225;33.1457
6.87588;33.1678
6.85142;33.1899
6.83523;33.2122
6.81098;33.2345
6.79477;33.2569
6.77048;33.2905
6.74603;33.3127
6.72938;33.3348
6.70464;33.3567
6.68815;33.3786
6.66346;33.4004
6.647;33.4224
6.62252;33.4555
6.60647;33.4778
6.58222;33.5001
6.56591;33.5223
6.54149;33.5445
6.52518;33.5667
6.50085;33.6001
6.4764;33.6223
6.45987;33.6443
6.43527;33.6662
6.41892;33.6884
6.39447;33.7106
6.37828;33.7328
6.35376;33.7659
6.33742;33.788
6.31314;33.8102
6.29695;33.8326
6.27252;33.8547
6.2563;33.877
6.23187;33.9102
6.21544;33.9321
6.19092;33.9541
6.1745;33.9762
6.15017;33.9984
6.12554;34.0204
6.10915;34.0536
6.08484;34.0759
6.06823;34.0978
6.04362;34.1198
6.02731;34.142
6.00288;34.1642
5.9868;34.1975
5.96243;34.2197
5.9461;34.2418
5.92147;34.2637
5.90515;34.2859
5.88052;34.3079
5.86422;34.33
5.8398;34.3633
5.81524;34.3853
5.79899;34.4075
5.7745;34.4297
5.75816;34.4517
5.73373;34.4739
5.7177;34.4963
5.69354;34.5298
5.67755;34.5523
5.65324;34.5745
5.63695;34.5966
5.6127;34.619
5.59675;34.6414
5.57257;34.6749
5.54827;34.6973
5.53206;34.7195
5.50741;34.7415
5.49108;34.7637
5.4664;34.7857
5.44987;34.8188
5.42539;34.841
5.40906;34.8632
5.38456;34.8853
5.36814;34.9074
5.34359;34.9294
5.31931;34.9628
5.303;34.985
5.27857;35.0072
5.26235;35.0294
5.23798;35.0516
5.22181;35.0738
5.19741;35.107
5.1814;35.1295
5.15725;35.1519
5.13293;35.1741
5.11672;35.1965
5.09218;35.2186
5.06759;35.2406
5.05129;35.2739
5.02686;35.296
5.01056;35.3181
4.98618;35.3403
4.96991;35.3626
4.94544;35.3848
4.92075;35.4068
4.90425;35.44
4.8797;35.4621
4.8634;35.4843
4.839;35.5064
4.82281;35.5287
4.79851;35.5509
4.78233;35.5843
4.75781;35.6064
4.74154;35.6285
4.71707;35.6506
4.70062;35.6726
4.67619;35.6948
4.66017;35.7172
4.63586;35.7506
4.61971;35.773
4.59552;35.7953
4.57921;35.8176
4.55473;35.8396
4.53852;35.8619
4.51386;35.8838
4.49716;35.9167
4.47255;35.9385
4.45609;35.9604
4.43175;35.9826
4.41553;36.0047
4.39093;36.0268
4.37458;36.0601
4.35012;36.0823
4.3335;36.1042
4.30892;36.1263
4.29248;36.1485
4.26805;36.1707
4.2518;36.204
4.22746;36.2263
4.21126;36.2485
4.18693;36.2709
4.17089;36.2934
4.1465;36.3157
4.12201;36.349
4.10562;36.3713
4.08078;36.3932
4.06425;36.4153
4.03968;36.4486
4.02335;36.4708
3.99897;36.493
3.98255;36.5151
3.95819;36.5372
3.94159;36.559
3.91696;36.592
3.90054;36.6141
3.87597;36.6361
3.85966;36.6583
3.83545;36.6807
3.81935;36.7142
3.79527;36.7366
3.77934;36.7589
3.75529;36.7813
3.73936;36.8036
3.71522;36.826
3.69888;36.8481
3.67442;36.8813
3.65808;36.9035
3.63347;36.9254
3.61728;36.9476
3.5928;36.9697
3.57621;36.9916
3.55986;37.0247
3.53544;37.0468
3.51888;37.0687
3.49372;37.0902
3.47686;37.112
3.45223;37.1342
3.43576;37.1564
3.41144;37.1786
3.39535;37.2009
3.37095;37.2341
3.35467;37.2562
3.3303;37.2784
3.31415;37.3007
3.28971;37.3229
3.27353;37.3452
3.24926;37.3676
3.22499;37.39
3.20867;37.4234
3.18422;37.4456
3.16786;37.4677
3.14323;37.4896
3.12687;37.5117
3.10243;37.5338
3.08601;37.5558
3.06138;37.5889
3.04501;37.6111
3.02862;37.6334
3.00414;37.6557
2.98774;37.6778
2.96311;37.711
2.94669;37.733
2.92203;37.7549
2.9056;37.7769
2.88108;37.799
2.86466;37.8211
2.84019;37.8432
2.82386;37.8766
2.79957;37.899
2.78339;37.9214
2.75888;37.9435
2.73416;37.9655
2.71786;37.9877
2.69332;38.021
2.67684;38.0431
2.65235;38.0652
2.63605;38.0874
2.61966;38.1096
2.59519;38.143
2.57892;38.1653
2.55429;38.1874
2.53773;38.2094
2.51328;38.2316
2.49678;38.2537
2.47226;38.2869
2.45572;38.3089
2.43092;38.3307
2.41452;38.3529
2.3902;38.3753
2.37395;38.4087
2.3497;38.431
2.33366;38.4533
2.31768;38.4756
2.29325;38.4977
2.2766;38.5195
2.25176;38.5412
2.23501;38.5742
2.21035;38.5961
2.19395;38.618
2.16928;38.6399
2.15271;38.6617
2.12845;38.684
2.11218;38.7061
2.08795;38.7395
2.07185;38.7617
2.04751;38.7839
2.03138;38.8061
2.00699;38.8283
1.99056;38.8503
1.96577;38.8721
1.94932;38.8942
1.92499;38.9276
1.90872;38.9498
1.88424;38.9719
1.86761;38.9938
1.84296;39.0157
1.8266;39.0379
1.80199;39.0599
1.78584;39.0934
1.76141;39.1156
1.74498;39.1376
1.72048;39.1598
1.704;39.1818
1.67946;39.2039
1.66279;39.2368
1.63791;39.2586
1.62151;39.2807
1.59708;39.3029
1.58091;39.3252
1.55675;39.3476
1.54056;39.3699
1.51608;39.4033
1.49987;39.4257
1.4755;39.4481
1.45921;39.4704
1.43476;39.4926
1.41836;39.5146
1.39385;39.5368
1.37759;39.5702
1.35318;39.5925
1.33668;39.6145
1.3121;39.6366
1.29562;39.6586
1.27101;39.6807
1.25478;39.703
1.2303;39.7364
1.21416;39.7588
1.18965;39.781
1.17341;39.8032
1.14905;39.8254
1.13287;39.8476
1.10847;39.8808
1.09216;39.9029
1.06799;39.9252
1.05172;39.9474
1.02721;39.9696
1.0112;39.9919
0.994978;40.0251
0.970548;40.0471
0.954422;40.0693
0.929855;40.0914
0.913232;40.1133
0.888366;40.1351
0.871676;40.1569
0.846959;40.1899
0.830569;40.2119
0.805999;40.2339
0.789576;40.2559
0.765053;40.278
0.748677;40.3113
0.724303;40.3337
0.708173;40.3561
0.684101;40.3786
0.668004;40.4009
0.643691;40.4343
0.619315;40.4565
0.602863;40.4787
0.578091;40.5008
0.561623;40.5342
0.537088;40.5565
0.51255;40.5787
0.495984;40.6007
0.471442;40.6339
0.454756;40.6558
0.430095;40.6777
0.413798;40.6999
0.389406;40.7332
0.372751;40.7551
0.347942;40.7769
0.331586;40.7991
0.306784;40.8322
0.282098;40.8542
0.265591;40.8762
0.241195;40.8983
0.225339;40.9207
0.201206;40.9539
0.185248;40.9761
0.161203;40.9984
0.145315;41.0207
0.120954;41.054
0.0967449;41.0764
0.0803275;41.0984
0.0555777;41.1202
0.0390346;41.1421
0.0143379;41.1751
-0.00205782;41.1972
-0.0267822;41.2191
-0.0433863;41.2411
-0.0679077;41.2745
-0.084451;41.2967
-0.108967;41.3189
-0.12515;41.3413
-0.149306;41.3748
-0.173399;41.3972
-0.189634;41.4195
-0.213993;41.4418
-0.230556;41.4639
-0.254998;41.4974
-0.279502;41.5197
-0.295823;41.542
-0.320155;41.5643
-0.336552;41.5864
-0.361163;41.6196
-0.377589;41.6418
-0.402102;41.6641
-0.418465;41.6863
-0.43487;41.7195
-0.459482;41.7414
-0.475997;41.7633
-0.500518;41.7964
-0.517218;41.8182
-0.542044;41.8399
-0.558418;41.862
-0.582847;41.8841
-0.607123;41.9175
-0.623452;41.9396
-0.639822;41.9617
-0.664412;41.9948
-0.680728;42.017
-0.705038;42.0393
-0.720927;42.0618
-0.744672;42.0843
-0.760532;42.1177
-0.78463;42.14
-0.808939;42.162
-0.825245;42.1841
-0.850009;42.2058
-0.866828;42.2387
-0.883405;42.2607
-0.907704;42.2831
-0.923756;42.3055
-0.947874;42.339
-0.964001;42.3612
-0.988639;42.3831
-1.00506;42.4052
-1.02972;42.4383
-1.04623;42.4604
-1.0627;42.4824
-1.08701;42.5047
-1.10324;42.5268
-1.12737;42.5604
-1.14364;42.5826
-1.16795;42.605
-1.18412;42.6274
-1.20851;42.6609
-1.22469;42.6833
-1.24908;42.7056
-1.26526;42.728
-1.28982;42.7502
-1.30603;42.7836
-1.3304;42.8059
-1.34698;42.8279
-1.37193;42.8495
-1.38824;42.8828
-1.41238;42.9052
-1.42841;42.9276
-1.44439;42.95
-1.46853;42.9835
-1.4926;43.0059
-1.50855;43.0283
-1.53254;43.0507
-1.54807;43.0734
-1.57163;43.0962
-1.5872;43.1188
-1.611;43.1526
-1.63471;43.1753
-1.65046;43.198
-1.67421;43.2208
-1.69757;43.2439
-1.71289;43.267
-1.73616;43.3014
-1.75946;43.3245
-1.78259;43.3477
-1.79757;43.3709
-1.82061;43.3943
-1.84375;43.4177
-1.86665;43.4412
-1.8814;43.4759
-1.90383;43.4999
-1.92611;43.524
-1.94021;43.548
-1.9624;43.572
-1.98455;43.5961
-2.00664;43.6202
-2.02886;43.6442
-2.05084;43.6685
-2.06471;43.6928
-2.08632;43.7174
-2.10785;43.7421
-2.12936;43.7668
-2.1509;43.7915
-2.17216;43.8165
-2.19348;43.8415
-2.21474;43.8554
-2.23603;43.8804
-2.2573;43.9054
-2.27836;43.9307
-2.29941;43.9559
-2.32033;43.9813
-2.34097;44.0069
-2.36166;44.0324
-2.38243;44.0468
-2.40307;44.0726
-2.4238;44.0982
-2.44449;44.1239
-2.46499;44.1386
-2.48536;44.1645
-2.50565;44.1904
-2.52601;44.2051
-2.54624;44.231
-2.56657;44.257
-2.59479;44.2722
-2.61495;44.2985
-2.6352;44.3247
-2.65533;44.3398
-2.67547;44.3662
-2.70374;44.3814
-2.72401;44.4077
-2.74419;44.423
-2.77251;44.4495
-2.7928;44.4649
-2.81333;44.4911
-2.8336;44.5065
-2.85369;44.5332
-2.88179;44.549
-2.90163;44.576
-2.92164;44.5918
-2.94135;44.6079
-2.96936;44.6351
-2.98917;44.6513
-3.00902;44.6674
-3.02904;44.6945
-3.05699;44.7107
-3.07662;44.7271
-3.09611;44.7547
-3.1238;44.7713
-3.1433;44.7879
-3.16277;44.8047
-3.1905;44.8214
-3.21003;44.8494
-3.23779;44.8661
-3.25722;44.8831
-3.27651;44.9004
-3.30389;44.9178
-3.32316;44.9352
-3.34255;44.9525
-3.37025;44.9697
-3.38967;44.9983
-3.41706;45.0161
-3.4363;45.034
-3.46366;45.0519
-3.48287;45.0699
-3.51025;45.0878
-3.52955;45.1058
-3.55692;45.1127
-3.57623;45.1308
-3.6036;45.1489
-3.62289;45.1672
-3.65047;45.1854
-3.6779;45.2039
-3.69736;45.2222
-3.72505;45.2403
-3.74446;45.2586
-3.77193;45.2659
-3.79956;45.2843
-3.81916;45.3026
-3.84678;45.3211
-3.87461;45.3283
-3.89431;45.3467
-3.92212;45.3651
-3.94996;45.3835
-3.96963;45.402
-3.99754;45.4091
-4.02542;45.4276
-4.04494;45.4466
-4.07255;45.4547
-4.10037;45.4737
-4.12811;45.4818
-4.1561;45.5005
-4.17599;45.5194
-4.20408;45.5272
-4.23202;45.5465
-4.26009;45.5655
-4.28819;45.5735
-4.30827;45.5924
-4.33672;45.6
-4.36511;45.6077
-4.39357;45.6265
-4.42194;45.6343
-4.45031;45.6531
-4.47868;45.6721
-4.50715;45.68
-4.53573;45.6988
-4.5563;45.7064
-4.58501;45.7253
-4.61376;45.7331
-4.64261;45.7408
-4.67132;45.76
-4.70017;45.7679
-4.72075;45.7869
-4.74949;45.7949
-4.77835;45.8141
-4.8073;45.8222
-4.83622;45.8304
-4.85706;45.8497
-4.88615;45.8577
-4.91527;45.8655
-4.9444;45.8734
-4.97343;45.8926
-5.00247;45.9009
-5.02348;45.9091
-5.05279;45.9284
-5.08214;45.9368
-5.1115;45.9453
-5.14092;45.9536
-5.17031;45.9733
-5.19157;45.9817
-5.22102;45.99
-5.25047;46.0093
-5.27989;46.0177
-5.30938;46.0261
-5.33888;46.0347
-5.36861;46.0432
-5.39039;46.0514
-5.42033;46.0593
-5.45032;46.0671
-5.48021;46.0864
-5.51021;46.0944
-5.53199;46.1025
-5.56202;46.1105
-5.592;46.1186
-5.62202;46.1268
-5.6439;46.135
-5.6738;46.1433
-5.70369;46.1519
-5.73362;46.1605
-5.75542;46.1802
-5.78546;46.1888
-5.80749;46.1863
-5.83766;46.1949
-5.86788;46.2035
-5.89004;46.2121
-5.92033;46.2208
-5.95063;46.2294
-5.97289;46.2269
-6.00333;46.2353
-6.02573;46.2438
-6.05623;46.2523
-6.08686;46.2607
-6.10931;46.2691
-6.13999;46.2772
-6.17073;46.2744
-6.19339;46.2827
-6.22425;46.291
-6.24704;46.2994
-6.27794;46.2965
-6.30888;46.305
-6.33173;46.3022
-6.3627;46.3109
-6.39372;46.3196
-6.41668;46.3284
-6.44778;46.3261
-6.47079;46.3346
-6.50198;46.3318
-6.53326;46.3401
-6.55649;46.3485
-6.58785;46.3459
-6.61927;46.3429
-6.64259;46.3507
-6.67402;46.3474
-6.70545;46.3555
-6.72891;46.3526
-6.76045;46.3612
-6.78397;46.3696
-6.81558;46.3671
-6.84728;46.3756
-6.87082;46.3725
-6.90252;46.3698
-6.92614;46.3671
-6.95787;46.3756
-6.9816;46.3729
-7.01354;46.3812
-7.04553;46.3789
-7.06941;46.3764
-7.09336;46.385
-7.12544;46.3825
-7.15749;46.3805
-7.18152;46.3781
-7.20559;46.3867
-7.23786;46.3845
-7.26205;46.3818
-7.29441;46.3791
-7.31867;46.3873
-7.35106;46.3842
-7.37536;46.3814
-7.40781;46.3894
-7.43226;46.3864
-7.46486;46.3833
-7.48934;46.3803
-7.52196;46.3883
-7.54655;46.3852
-7.57929;46.3824
-7.60386;46.3793
-7.63659;46.3763
-7.66118;46.3842
-7.68581;46.3812
-7.71861;46.3784
-7.74332;46.3755
-7.77618;46.3726
-7.80095;46.3696
-7.82585;46.3668
-7.85891;46.3752
-7.88386;46.3726
-7.91693;46.3695
-7.94185;46.3667
-7.96682;46.3635
-8;46.3605
-8.02508;46.3573
-8.05018;46.3542
-8.08347;46.3512
-8.10875;46.3487
-8.13408;46.3462
-8.1675;46.3434
-8.19283;46.3409
-8.21821;46.3383
-8.25182;46.3355
-8.27735;46.3327
-8.3029;46.3296
-8.33655;46.3264
-8.36203;46.3228
-8.38748;46.3194
-8.41289;46.3158
-8.44638;46.3122
-8.47184;46.3088
-8.49737;46.3053
-8.523;46.3018
-8.55688;46.2878
-8.58261;46.2846
-8.60838;46.2816
-8.63421;46.2786
-8.66824;46.2759
-8.69416;46.2619
-8.72014;46.2591
-8.74611;46.2562
-8.78035;46.2533
-8.80658;46.2396
-8.83282;46.2256
-8.85901;46.2226
-8.89336;46.2085
-8.91961;46.2052
-8.94589;46.202
-8.98034;46.1875
-9.00666;46.1839
-9.04114;46.1804
-9.06749;46.1655
-9.102;46.1618
-9.1283;46.1466
-9.15455;46.1313
-9.18883;46.1269
-9.21508;46.1226
-9.24948;46.1071
-9.27595;46.1031
-9.31055;46.088
-9.3371;46.0841
-9.3718;46.0803
-9.39831;46.065
-9.43296;46.05
-9.45946;46.046
-9.49409;46.0307
-9.52061;46.0265
-9.55537;46.0112
-9.58214;46.0071
-9.60867;45.9913
-9.64337;45.9867
-9.6699;45.9708
-9.70452;45.9661
-9.73126;45.9508
-9.75801;45.9355
-9.79279;45.92
-9.81949;45.9155
-9.85434;45.8999
-9.88109;45.8953
-9.90772;45.8793
-9.94243;45.8741
-9.96902;45.8579
-10.0038;45.853
-10.0307;45.8371
-10.0573;45.8207
-10.0921;45.8155
-10.1188;45.7992
-10.1456;45.7942
-10.1806;45.778
-10.2074;45.7617
-10.2342;45.7565
-10.2611;45.7403
-10.2962;45.7242
-10.3231;45.7191
-10.3501;45.7028
-10.3769;45.6862
-10.4116;45.6804
-10.4381;45.6633
-10.4649;45.6465
-10.4917;45.6409
-10.5266;45.624
-10.5534;45.607
-10.5802;45.601
-10.6071;45.584
-10.6338;45.5667
-10.6607;45.5495
-10.6876;45.5436
-10.7146;45.5268
-10.7497;45.5098
-10.7767;45.5038
-10.8035;45.4866
-10.8304;45.4694
-10.8572;45.4631
-10.8842;45.4459
-10.9109;45.4283
-10.9377;45.4106
-10.9647;45.393
-10.9915;45.3864
-11.0182;45.3685
-11.0449;45.3505
-11.0716;45.3437
-11.0984;45.3258
-11.1252;45.308
-11.1519;45.3009
-11.1787;45.2715
-11.2054;45.2643
-11.2323;45.2463
-11.2591;45.2283
-11.286;45.2101
-11.3128;45.1918
-11.3396;45.1847
-11.3664;45.1664
-11.4013;45.1483
-11.428;45.13
-11.4463;45.1116
-11.4727;45.1042
-11.5074;45.0858
-11.534;45.0674
-11.5607;45.049
-11.5873;45.0303
-11.6137;45.0228
-11.6401;45.0042
-11.6664;44.9854
-11.7007;44.9664
-11.7271;44.9477
-11.7532;44.9286
-11.7796;44.9207
-11.8059;44.9018
-11.8322;44.8828
-11.8666;44.8637
-11.893;44.8447
-11.9195;44.837
-11.9461;44.8182
-11.9807;44.7993
-12.007;44.7801
-12.0331;44.7606
-12.0591;44.7409
-12.0853;44.7215
-12.1196;44.7019
-12.1454;44.6819
-12.1714;44.673
-12.1974;44.6531
-12.2314;44.633
-12.2576;44.6132
-12.2838;44.5936
-12.318;44.585
-12.344;44.5651
-12.3699;44.5452
-12.3959;44.5252
-12.4297;44.5051
-12.4554;44.4849
-12.481;44.4644
-12.5067;44.4551
-12.5406;44.435
-12.5664;44.4148
-12.592;44.3945
-12.6176;44.3741
-12.6515;44.3539
-12.6772;44.3446
-12.7027;44.324
-12.7365;44.3036
-12.762;44.2827
-12.7877;44.2623
-12.8213;44.2416
-12.8468;44.2319
-12.8722;44.211
-12.9058;44.1902
-12.9314;44.1694
-12.9568;44.1485
-12.9824;44.1277
-13.0161;44.1181
-13.0415;44.0975
-13.0669;44.0766
-13.0922;44.0557
-13.1259;44.0463
-13.1516;44.0257
-13.1772;44.0052
-13.2027;43.9846
-13.2282;43.9639
-13.2616;43.9427
-13.2869;43.9328
-13.3123;43.9119
-13.3376;43.8909
-13.363;43.8701
-13.3883;43.8491
-13.4215;43.8391
-13.4467;43.8179
-13.4719;43.7967
-13.497;43.7755
-13.5222;43.7541
-13.5474;43.744
-13.5727;43.7228
-13.598;43.7017
-13.6233;43.6807
-13.6483;43.6706
-13.6734;43.6495
-13.7066;43.6284
-13.7317;43.6072
-13.7567;43.5972
-13.7817;43.5757
-13.8067;43.5543
-13.8319;43.533
-13.8572;43.523
-13.8824;43.5018
-13.9074;43.4803
-13.9324;43.4587
-13.9573;43.4483
-13.9823;43.4268
-14.0074;43.4053
-14.0327;43.3843
-14.0579;43.3743
-14.0829;43.3532
-14.108;43.332
-14.1329;43.3108
-14.1577;43.3003
-14.1825;43.2788
-14.2075;43.2573
-14.2326;43.2471
-14.2578;43.226
-14.2829;43.205
-14.3079;43.1838
-14.3327;43.1735
-14.3576;43.1521
-14.3826;43.1307
-14.4074;43.1091
-14.4322;43.0985
-14.4572;43.077
-14.4821;43.0555
-14.5067;43.0336
-14.5313;43.0229
-14.564;43.0011
-14.5888;42.9796
-14.6138;42.9582
-14.6389;42.9481
-14.6638;42.9267
-14.6888;42.9053
-14.7136;42.8949
-14.7383;42.8733
-14.763;42.8517
-14.788;42.8303
-14.8127;42.8198
-14.8374;42.7982
-14.8622;42.7767
-14.8871;42.7552
-14.9117;42.7335
-14.9361;42.7224
-14.9604;42.7002
-14.985;42.6781
-15.0098;42.6564
-15.0349;42.6461
-15.0598;42.6247
-15.0927;42.6032
-15.1175;42.5817
-15.1422;42.5714
-15.159;42.5499
-15.1834;42.5278
-15.216;42.5058
-15.2403;42.4948
-15.2645;42.4726
-15.2886;42.4504
-15.313;42.4284
-15.3376;42.4177
-15.3621;42.3958
-15.3869;42.3743
-15.4115;42.3526
-15.4362;42.3311
-15.4606;42.3202
-15.4848;42.298
-15.509;42.2757
-15.5335;42.2646
-15.558;42.2424
-15.5827;42.2205
-15.6074;42.1988
-15.6319;42.1883
-15.6564;42.1667
-15.681;42.1451
-15.7058;42.1237
-15.7303;42.1128
-15.7546;42.0905
-15.7789;42.0684
-15.8031;42.0462
-15.8275;42.0239
-15.8518;42.0129
-15.8764;41.991
-15.9009;41.9691
-15.9257;41.9475
-15.9506;41.926
-15.9752;41.9151
-16.0078;41.8932
-16.0324;41.8713
-16.0572;41.8496
-16.082;41.839
-16.1066;41.817
-16.1311;41.7948
-16.1556;41.7727
-16.1802;41.7617
-16.2048;41.7397
-16.2296;41.7179
-16.2544;41.6963
-16.279;41.6856
-16.3036;41.6634
-16.328;41.6411
-16.3527;41.6191
-16.3774;41.597
-16.402;41.575
-16.4265;41.564
-16.451;41.542
-16.4756;41.5199
-16.5001;41.4977
-16.5246;41.4866
-16.5492;41.4645
-16.5738;41.4424
-16.5984;41.4203
-16.623;41.3986
-16.6478;41.3881
-16.6725;41.3665
-16.6972;41.3448
-16.7215;41.3227
-16.7459;41.3006
-16.7705;41.2897
-16.7951;41.2677
-16.8196;41.2456
-16.844;41.2235
-16.8687;41.2019
-16.8932;41.1799
-16.9177;41.1689
-16.942;41.1466
-16.9664;41.1244
-16.9908;41.1023
-17.0154;41.0914
-17.0399;41.0695
-17.0643;41.0474
-17.0886;41.0253
-17.1131;41.0033
-17.1376;40.9924
-17.1622;40.9704
-17.1868;40.9483
-17.2115;40.9265
-17.2362;40.9046
-17.2608;40.8939
-17.2856;40.8723
-17.3102;40.8505
-17.3348;40.8285
-17.3593;40.8175
-17.3837;40.7953
-17.4083;40.7732
-17.4329;40.7512
-17.4573;40.7289
-17.4819;40.7179
-17.5066;40.6959
-17.5313;40.674
-17.556;40.6521
-17.5803;40.641
-17.6046;40.6188
-17.6293;40.5971
-17.654;40.5753
-17.6786;40.5533
-17.7033;40.5425
-17.728;40.5207
-17.7526;40.4989
-17.777;40.4768
-17.8014;40.4547
-17.826;40.4439
-17.8508;40.4223
-17.8756;40.4007
-17.9002;40.3787
-17.9247;40.3678
-17.949;40.3456
-17.9733;40.3234
-17.9978;40.3014
-18.0225;40.2906
-18.0472;40.2687
-18.0716;40.2465
-18.0964;40.2247
-18.121;40.2139
-18.1456;40.1918
-18.1701;40.1697
-18.1947;40.1477
-18.2194;40.1369
-18.2437;40.1147
-18.2681;40.0925
-18.2925;40.0705
-18.317;40.0596
-18.3415;40.0378
-18.366;40.0159
-18.3906;40.0053
-18.4152;39.9835
-18.4396;39.9614
-18.4642;39.9395
-18.4805;39.9285
-18.505;39.9063
-18.5294;39.8842
-18.5539;39.8621
-18.5786;39.8514
-18.6033;39.8295
-18.6279;39.8076
-18.6524;39.7966
-18.677;39.7746
-18.7018;39.7527
-18.7264;39.7307
-18.751;39.7198
-18.7757;39.6979
-18.8004;39.676
-18.8251;39.6541
-18.8497;39.6432
-18.8743;39.621
-18.899;39.599
-18.9237;39.5771
-18.9484;39.5661
-18.9648;39.544
-18.9895;39.5222
-19.0144;39.5008
-19.0389;39.479
-19.0634;39.4683
-19.0879;39.4464
-19.1121;39.4241
-19.1366;39.4132
-19.1611;39.3912
-19.1858;39.3696
-19.2102;39.3476
-19.2345;39.3255
-19.2589;39.3146
-19.2833;39.2922
-19.3076;39.2699
-19.332;39.2477
-19.3567;39.2371
-19.3814;39.2154
-19.406;39.1936
-19.4305;39.1716
-19.455;39.1496
-19.4797;39.1388
-19.5042;39.1166
-19.5286;39.0945
-19.5533;39.0725
-19.5778;39.0505
-19.6023;39.0395
-19.6266;39.0172
-19.6508;38.9948
-19.6751;38.9836
-19.6996;38.9617
-19.724;38.9395
-19.7485;38.9172
-19.773;38.906
-19.7977;38.8841
-19.8223;38.8621
-19.8467;38.84
-19.8632;38.8293
-19.8878;38.8074
-19.9122;38.7854
-19.9368;38.7634
-19.9615;38.7526
-19.9861;38.7306
-20.0107;38.7085
-20.0354;38.6866
-20.0602;38.6761
-20.0849;38.6544
-20.1093;38.6325
-20.1337;38.6104
-20.1581;38.5994
-20.1827;38.5773
-20.2074;38.5555
-20.2319;38.5335
-20.2564;38.5225
-20.2811;38.5007
-20.3061;38.4904
-20.3307;38.4683
-20.3552;38.4464
-20.3797;38.4242
-20.4042;38.4131
-20.4287;38.391
-20.4531;38.3688
-20.4777;38.3467
-20.5022;38.3247
-20.5269;38.3139
-20.5517;38.2922
-20.5763;38.2702
-20.6009;38.2594
-20.6254;38.2373
-20.6499;38.2151
-20.6745;38.1931
-20.6989;38.182
-20.7231;38.1597
-20.7476;38.1375
-20.772;38.1153
-20.7963;38.0932
-20.8206;38.082
-20.8449;38.0597
-20.8691;38.0374
-20.8935;38.0151
-20.9098;38.0042
-20.9344;37.9823
-20.9589;37.9605
-20.9835;37.9386
-21.0081;37.9279
-21.0325;37.906
-21.057;37.8841
-21.0814;37.8621
-21.1059;37.8511
-21.1223;37.829
-21.1469;37.8069
-21.1715;37.7848
-21.1959;37.7737
-21.2204;37.7515
-21.245;37.7295
-21.2696;37.7186
-21.2943;37.6966
-21.3191;37.6746
-21.3437;37.6526
-21.3683;37.6416
-21.3929;37.6194
-21.4174;37.5973
-21.4418;37.575
-21.4582;37.5529
-21.4826;37.5419
-21.507;37.5197
-21.5316;37.4978
-21.5561;37.4868
-21.5806;37.4647
-21.6051;37.4426
-21.6297;37.4207
-21.6543;37.3988
-21.6788;37.3879
-21.7032;37.3658
-21.7196;37.3438
-21.7442;37.322
-21.7688;37.3001
-21.7935;37.2894
-21.8182;37.2677
-21.8429;37.2458
-21.8676;37.2239
-21.8921;37.202
-21.9166;37.191
-21.9411;37.1689
-21.9656;37.1469
-21.99;37.1248
-22.0144;37.1027
-22.0389;37.0919
-22.0633;37.0699
-22.0796;37.0479
-22.1039;37.0258
-22.1284;37.0151
-22.1528;36.993
-22.177;36.9708
-22.2015;36.9488
-22.2257;36.9377
-22.2502;36.9157
-22.2745;36.8936
-22.2907;36.8714
-22.3149;36.8603
-22.3392;36.8381
-22.3634;36.8159
-22.3879;36.805
-22.4124;36.7832
-22.4372;36.7615
-22.4619;36.7396
-22.4783;36.7176
-22.5028;36.7065
-22.5273;36.6845
-22.5518;36.6623
-22.576;36.6399
-22.6004;36.6289
-22.6249;36.6068
-22.6412;36.5847
-22.6657;36.5627
-22.6901;36.5518
-22.7143;36.5295
-22.7387;36.5074
-22.755;36.4853
-22.7794;36.4743
-22.8038;36.4522
-22.8283;36.4301
-22.8526;36.4077
-22.8771;36.3966
-22.9016;36.3745
-22.9179;36.3523
-22.9425;36.3303
-22.967;36.3083
-22.9916;36.2975
-23.0161;36.2755
-23.0324;36.2534
-23.0567;36.2312
-23.0812;36.2204
-23.1057;36.1987
-23.1222;36.1769
-23.1468;36.1551
-23.1715;36.1447
-23.1962;36.123
-23.2125;36.101
-23.2369;36.079
-23.2614;36.0682
-23.2858;36.0462
-23.3101;36.024
-23.3261;36.0018
-23.3502;35.9796
-23.3745;35.9687
-23.3906;35.9465
-23.4149;35.9244
-23.4391;35.9132
-23.4637;35.8911
-23.4882;35.8691
-23.5125;35.8469
-23.5288;35.836
-23.5534;35.8141
-23.5779;35.792
-23.5943;35.77
-23.6189;35.7479
-23.6435;35.737
-23.668;35.7149
-23.6846;35.6931
-23.709;35.6709
-23.7335;35.6599
-23.7579;35.6377
-23.7823;35.6156
-23.7986;35.6045
-23.8229;35.5822
-23.8472;35.5599
-23.8634;35.5376
-23.8877;35.5265
-23.9123;35.5044
-23.9369;35.4824
-23.9534;35.4604
-23.9779;35.4496
-24.0025;35.4276
-24.027;35.4058
-24.0434;35.3839
-24.0678;35.373
-24.0922;35.3509
-24.1165;35.3287
-24.1328;35.3064
-24.1572;35.2844
-24.1817;35.2735
-24.2061;35.2515
-24.2224;35.2295
-24.247;35.2077
-24.2717;35.197
-24.2962;35.1751
-24.321;35.1533
-24.3457;35.1315
-24.3622;35.1096
-24.3869;35.0989
-24.4114;35.0769
-24.4359;35.0549
-24.4605;35.0329
-24.4769;35.0109
-24.5014;34.9888
-24.5178;34.978
-24.5423;34.9558
-24.5665;34.9336
-24.591;34.9116
-24.6154;34.9008
-24.6317;34.8787
-24.6557;34.8561
-24.6797;34.8336
-24.704;34.8113
-24.7203;34.7893
-24.7449;34.7784
-24.7693;34.7561
-24.7937;34.7339
-24.8183;34.7119
-24.835;34.7012
-24.8597;34.6792
-24.8844;34.6572
-24.9091;34.6353
-24.9256;34.6133
-24.9501;34.6023
-24.9747;34.5802
-24.9992;34.5581
-25.0154;34.5359
-25.0395;34.5246
-25.0637;34.5023
-25.0879;34.48
-25.1041;34.4577
-25.1286;34.4466
-25.1529;34.4243
-25.1772;34.4019
-25.2014;34.3794
-25.2257;34.3682
-25.2419;34.346
-25.2663;34.324
-25.291;34.3023
-25.3158;34.2806
-25.3326;34.2701
-25.3575;34.2484
-25.3824;34.2268
-25.4071;34.216
-25.4319;34.194
-25.4486;34.1724
-25.4733;34.1505
-25.4976;34.1282
-25.522;34.1059
-25.5382;34.0948
-25.5626;34.0726
-25.5867;34.0502
-25.6112;34.0391
-25.6358;34.017
-25.6606;33.9952
-25.6853;33.9732
-25.702;33.9624
-25.7267;33.9403
-25.7511;33.918
-25.7757;33.8959
-25.8003;33.8737
-25.8252;33.8628
-25.8499;33.8407
-25.8746;33.8184
-25.8992;33.7961
-25.924;33.774
-25.9405;33.7629
-25.9651;33.7408
-25.9898;33.7186
-26.0143;33.6963
-26.0388;33.6738
-26.0631;33.6513
-26.0873;33.6288
-26.1116;33.6176
-26.1362;33.5956
-26.1609;33.5738
-26.1777;33.552
-26.2023;33.53
-26.2269;33.5079
-26.2513;33.4857
-26.2756;33.4634
-26.2998;33.4522
-26.3243;33.4301
-26.3486;33.4077
-26.3728;33.3853
-26.3974;33.3632
-26.422;33.3411
-26.4467;33.3191
-26.4633;33.297
-26.488;33.2751
-26.5124;33.2639
-26.5368;33.2417
-26.5692;33.2194
-26.5856;33.1973
-26.6102;33.1754
-26.6348;33.1535
-26.6595;33.1316
-26.6842;33.1098
-26.7088;33.099
-26.7335;33.0771
-26.7499;33.0552
-26.7741;33.0329
-26.7985;33.0106
-26.823;32.9886
-26.8476;32.9665
-26.872;32.9554
-26.8965;32.9333
-26.9212;32.9114
-26.9377;32.8895
-26.9621;32.8673
-26.9865;32.845
-27.0108;32.8339
-27.0355;32.8118
-27.06;32.7897
-27.0844;32.7676
-27.1007;32.7455
-27.1249;32.7233
-27.1493;32.7123
-27.174;32.6905
-27.1989;32.6689
-27.2235;32.6469
-27.2398;32.6247
-27.2641;32.6025
-27.2887;32.5915
-27.3131;32.5693
-27.3374;32.5471
-27.3617;32.5249
-27.3863;32.5029
-27.4027;32.492
-27.4273;32.4699
-27.4515;32.4473
-27.4758;32.425
-27.5001;32.4025
-27.5248;32.3916
-27.5494;32.3697
-27.5658;32.3475
-27.5903;32.3255
-27.6147;32.3034
-27.6392;32.2926
-27.6638;32.2706
-27.6804;32.2487
-27.705;32.2267
-27.7295;32.2156
-27.7541;32.1936
-27.7786;32.1713
-27.8029;32.1489
-27.8273;32.1265
-27.8436;32.1041
-27.8682;32.093
-27.8928;32.071
-27.9173;32.0488
-27.9417;32.0268
-27.9662;32.0047
-27.9909;31.994
-28.0077;31.9723
-28.0322;31.9503
-28.0566;31.9281
-28.081;31.9058
-28.0974;31.8837
-28.1219;31.8727
-28.1462;31.8506
-28.1706;31.8285
-28.1952;31.8067
-28.2198;31.7848
-28.2361;31.7628
-28.2607;31.7521
-28.2851;31.7299
-28.3096;31.7077
-28.3342;31.6856
-28.359;31.6637
-28.3758;31.6421
-28.4006;31.6203
-28.4253;31.6097
-28.45;31.5881
-28.4747;31.5664
-28.4992;31.5445
-28.5237;31.5226
-28.5401;31.5006
-28.5648;31.4789
-28.5895;31.4572
-28.6142;31.4356
-28.6391;31.425
-28.6641;31.4036
-28.6891;31.3821
-28.7061;31.3609
-28.731;31.3392
-28.756;31.3177
-28.781;31.2963
-28.8061;31.2749
-28.8228;31.2533
-28.8479;31.232
-28.8731;31.2108
-28.8982;31.1896
-28.9155;31.1686
-28.9408;31.1474
-28.966;31.1261
-28.9913;31.1052
-29.0085;31.0842
-29.0337;31.0631
-29.059;31.0422
-29.0762;31.0212
-29.1017;31.0003
-29.1275;30.9796
-29.1533;30.9591
-29.1708;30.9383
-29.1967;30.918
-29.215;30.8981
-29.2413;30.878
-29.2675;30.8578
-29.2856;30.8375
-29.312;30.8173
-29.3303;30.7972
-29.3569;30.7773
-29.3752;30.7574
-29.4018;30.7375
-29.4201;30.7064
-29.4469;30.6868
-29.4658;30.6674
-29.4847;30.6479
-29.5115;30.6282
-29.5302;30.6085
-29.5491;30.5891
-29.5761;30.5696
-29.603;30.55
-29.622;30.5306
-29.6409;30.5111
-29.66;30.492
-29.6876;30.4731
-29.707;30.4542
-29.726;30.4238
-29.7453;30.4047
-29.7647;30.3856
-29.7841;30.3665
-29.8118;30.3476
-29.8312;30.3286
-29.8506;30.3096
-29.8702;30.2796
-29.8899;30.2607
-29.9095;30.2418
-29.9295;30.2232
-29.9492;30.2044
-29.9689;30.1855
-29.9887;30.1556
-30.0088;30.137
-30.0292;30.1187
-30.0496;30.1003
-30.07;30.0707
-30.0904;30.0522
-30.1111;30.0338
-30.1315;30.0153
-30.1518;29.9856
-30.164;29.967
-30.1845;29.9485
-30.2053;29.9191
-30.226;29.9008
-30.2468;29.8825
-30.2594;29.8531
-30.28;29.8347
-30.301;29.8165
-30.3219;29.7871
-30.3349;29.769
-30.3562;29.751
-30.3773;29.7217
-30.3904;29.7037
-30.4118;29.6856
-30.4252;29.6567
-30.4467;29.6387
-30.4682;29.6096
-30.4818;29.5918
-30.5036;29.574
-30.5176;29.5453
-30.5397;29.5277
-30.5538;29.4989
-30.5679;29.4812
-30.5902;29.4635
-30.6043;29.4346
-30.6265;29.4168
-30.6406;29.388
-30.6547;29.3702
-30.6771;29.3414
-30.6911;29.3235
-30.7055;29.2945
-30.7281;29.277
-30.7426;29.2592
-30.7572;29.2304
-30.7719;29.2127
-30.7869;29.1841
-30.81;29.1665
-30.8248;29.1377
-30.8397;29.1089
-30.8549;29.0913
-30.8702;29.0626
-30.8854;29.045
-30.9006;29.0162
-30.9158;28.9985
-30.9312;28.9697
-30.9469;28.9411
-30.9623;28.9235
-30.9778;28.8947
-30.9933;28.877
-31.0088;28.8481
-31.0243;28.8304
-31.0314;28.8014
-31.0469;28.7724
-31.0624;28.7434
-31.0779;28.7255
-31.0934;28.6963
-31.1091;28.6784
-31.1166;28.6493
-31.1322;28.6201
-31.1479;28.6021
-31.1636;28.573
-31.1715;28.5439
-31.1872;28.5257
-31.2032;28.4965
-31.211;28.4672
-31.2271;28.449
-31.2433;28.4196
-31.2508;28.39
-31.2666;28.3716
-31.2824;28.342
-31.2902;28.3124
-31.3059;28.2937
-31.3135;28.2639
-31.3291;28.2341
-31.3365;28.2043
-31.352;28.1855
-31.3597;28.1557
-31.3759;28.137
-31.3844;28.1073
-31.4009;28.0775
-31.4093;28.0588
-31.4256;28.0289
-31.4339;27.9991
-31.4424;27.9693
-31.4507;27.9504
-31.467;27.9203
-31.4751;27.8902
-31.483;27.8598
-31.4991;27.8406
-31.5069;27.81
-31.5149;27.7795
-31.5231;27.7491
-31.5314;27.73
-31.5477;27.6995
-31.5558;27.669
-31.5642;27.6385
-31.5722;27.6189
-31.5886;27.5883
-31.5967;27.5576
-31.605;27.5268
-31.613;27.5071
-31.6214;27.4763
-31.6299;27.4455
-31.6379;27.4146
-31.6462;27.3837
-31.6545;27.3638
-31.6626;27.3328
-31.6706;27.3018
-31.6788;27.2707
-31.6868;27.2508
-31.6951;27.2198
-31.7034;27.1887
-31.7118;27.1576
-31.7202;27.1376
-31.729;27.1065
-31.7379;27.0754
-31.7469;27.0553
-31.7475;27.0241
-31.7558;26.9927
-31.7641;26.9613
-31.7723;26.9411
-31.7724;26.9097
-31.781;26.8783
-31.7895;26.8579
-31.7979;26.8264
-31.806;26.8059
-31.8058;26.7742
-31.8139;26.7425
-31.822;26.722
-31.8221;26.6903
-31.8304;26.6585
-31.8306;26.6378
-31.8389;26.6059
-31.8389;26.5739
-31.8468;26.5529
-31.8465;26.5208
-31.8547;26.4886
-31.8634;26.4676
-31.8636;26.4353
-31.8721;26.4031
-31.8721;26.3818
-31.8716;26.3494
-31.8715;26.317
-31.8795;26.2957
-31.8793;26.2633
-31.887;26.2308
-31.8865;26.2093
-31.894;26.1768
-31.8937;26.1442
-31.8933;26.1115
-31.901;26.09
-31.9007;26.0574
-31.9005;26.0247
-31.9081;26.0031
-31.9075;25.9704
-31.907;25.9377
-31.915;25.916
-31.9147;25.8832
-31.9147;25.8504
-31.9142;25.8286
-31.9218;25.7957
-31.9213;25.7628
-31.9209;25.7409
-31.9206;25.708
-31.9282;25.675
-31.9273;25.6531
-31.9263;25.62
-31.9255;25.5869
-31.9247;25.5648
-31.9238;25.5316
-31.9309;25.4984
-31.9297;25.4763
-31.9287;25.443
-31.9284;25.4097
-31.9358;25.3874
-31.935;25.354
-31.9342;25.3206
-31.9332;25.2982
-31.9321;25.2648
-31.9309;25.2425
-31.9294;25.2091
-31.928;25.1756
-31.9266;25.1532
-31.9251;25.1197
-31.9238;25.0861
-31.9222;25.0637
-31.9285;25.0301
-31.9267;24.9965
-31.9251;24.974
-31.9234;24.9403
-31.9214;24.9066
-31.9114;24.884
-31.9096;24.8502
-31.908;24.8163
-31.9059;24.7936
-31.904;24.7598
-31.9021;24.7259
-31.9002;24.7032
-31.8984;24.6693
-31.8964;24.6353
-31.8941;24.6125
-31.8835;24.5785
-31.8813;24.5444
-31.8789;24.5215
-31.8765;24.4875
-31.8738;24.4536
-31.8708;24.4309
-31.8677;24.397
-31.865;24.3742
-31.8624;24.3402
-31.8597;24.3061
-31.8491;24.2832
-31.8468;24.2492
-31.8444;24.2152
-31.8418;24.1924
-31.8392;24.1584
-31.8364;24.1354
-31.8256;24.1013
-31.8229;24.0783
-31.8199;24.0442
-31.817;24.0102
-31.8061;23.9872
-31.8033;23.9531
-31.8005;23.9302
-31.7974;23.8961
-31.7945;23.862
-31.7833;23.8389
-31.7806;23.8047
-31.7775;23.7816
-31.7741;23.7475
-31.7708;23.7245
-31.7596;23.6903
-31.7564;23.6561
-31.7451;23.633
-31.7418;23.5988
-31.7385;23.5756
-31.7355;23.5412
-31.724;23.518
-31.7208;23.4837
-31.7174;23.4606
-31.714;23.4264
-31.7021;23.4033
-31.6905;23.369
-31.6871;23.3459
-31.6833;23.3117
-31.6715;23.2886
-31.6679;23.2544
-31.6647;23.2311
-31.6532;23.1967
-31.6497;23.1735
-31.6463;23.1391
-31.6349;23.1157
-31.6232;23.0813
-31.6198;23.0579
-31.6165;23.0234
-31.6048;23.0001
-31.6015;22.9655
-31.59;22.9421
-31.5865;22.9076
-31.5829;22.8842
-31.5708;22.8498
-31.5667;22.8265
-31.5547;22.7921
-31.5506;22.7688
-31.538;22.7346
-31.5335;22.7114
-31.5291;22.6772
-31.5168;22.6539
-31.5126;22.6306
-31.5082;22.5963
-31.496;22.573
-31.492;22.5385
-31.4797;22.5153
-31.4755;22.492
-31.4632;22.4576
-31.4591;22.4342
-31.4469;22.4109
-31.4431;22.3763
-31.4315;22.3526
-31.4277;22.329
-31.4158;22.2943
-31.4123;22.2707
-31.401;22.2469
-31.3976;22.2121
-31.3862;22.1883
-31.3744;22.1647
-31.3707;22.13
-31.3584;22.1065
-31.3538;22.0832
-31.3411;22.0487
-31.3367;22.0253
-31.3243;22.0019
-31.3201;21.9673
-31.3078;21.9437
-31.3034;21.9203
-31.2911;21.8856
-31.2787;21.8621
-31.2746;21.8385
-31.2625;21.8149
-31.2506;21.78
-31.2468;21.7563
-31.2347;21.7326
-31.2223;21.698
-31.2103;21.6742
-31.2061;21.6506
-31.194;21.6268
-31.1815;21.5922
-31.1689;21.5686
-31.1646;21.545
-31.1519;21.5103
-31.1393;21.4867
-31.1266;21.4632
-31.1139;21.4397
-31.1093;21.4049
-31.0966;21.3814
-31.0838;21.3579
-31.0709;21.3233
-31.0658;21.2999
-31.0528;21.2653
-31.0397;21.2418
-31.0267;21.2182
-31.0137;21.1947
-31.0007;21.16
-30.9879;21.1365
-30.9834;21.1128
-30.9708;21.0891
-30.9579;21.0544
-30.9451;21.0308
-30.9321;21.0072
-30.9274;20.9726
-30.9146;20.949
-30.902;20.9252
-30.889;20.9017
-30.8758;20.8671
-30.8627;20.8436
-30.8497;20.8201
-30.8447;20.7965
-30.8316;20.7619
-30.8186;20.7384
-30.8052;20.715
-30.7916;20.6917
-30.7783;20.6571
-30.7734;20.6334
-30.7601;20.6098
-30.7467;20.5862
-30.7333;20.5515
-30.72;20.528
-30.7067;20.5044
-30.6935;20.4808
-30.6886;20.446
-30.6759;20.4221
-30.6551;20.3981
-30.6504;20.3742
-30.6373;20.3506
-30.6242;20.3158
-30.6106;20.2924
-30.5973;20.2688
-30.5844;20.245
-30.5715;20.21
-30.5581;20.1865
-30.5442;20.1632
-30.5383;20.1402
-30.5246;20.117
-30.5108;20.0938
-30.4969;20.0706
-30.4908;20.0363
-30.4764;20.0133
-30.4617;19.9904
-30.4472;19.9675
-30.4327;19.9445
-30.4267;19.9213
-30.4045;19.8982
-30.3986;19.8749
-30.385;19.8513
-30.3716;19.8275
-30.358;19.7927
-30.3448;19.7687
-30.3319;19.7446
-30.3194;19.7203
-30.3067;19.6961
-30.294;19.6719
-30.281;19.6478
-30.2679;19.6127
-30.2546;19.5888
-30.2411;19.5651
-30.2277;19.5414
-30.2138;19.5179
-30.2001;19.4943
-30.1864;19.4708
-30.1727;19.4472
-30.159;19.4236
-30.1532;19.3891
-30.1394;19.3656
-30.1254;19.3422
-30.1117;19.3186
-30.098;19.2949
-30.0847;19.2708
-30.0713;19.2355
-30.0575;19.2115
-30.0518;19.1874
-30.0374;19.1636
-30.0147;19.1397
-30.0083;19.1159
-29.9943;19.0919
-29.9806;19.0677
-29.9673;19.0435
-29.9541;19.0195
-29.9408;18.9958
-29.9273;18.9724
-29.9215;18.9492
-29.9073;18.9263
-29.8769;18.9144
-29.8629;18.8913
-29.8486;18.8683
-29.826;18.8455
-29.8115;18.8228
-29.7968;18.8001
-29.7817;18.7777
-29.7583;18.7553
-29.7438;18.7322
-29.7296;18.7088
-29.7079;18.6849
-29.6946;18.6497
-29.6816;18.6256
-29.6684;18.6015
-29.6549;18.5777
-29.6412;18.554
-29.6189;18.5305
-29.6044;18.5072
-29.59;18.4838
-29.5752;18.4496
-29.5599;18.4268
-29.5449;18.4036
-29.5298;18.3806
-29.515;18.3574
-29.5;18.3343
-29.485;18.3002
-29.4703;18.2769
-29.4475;18.2536
-29.4329;18.2303
-29.4183;18.207
-29.4035;18.1838
-29.3892;18.1602
-29.3747;18.1256
-29.3603;18.1019
-29.346;18.0782
-29.3233;18.0546
-29.3085;18.0313
-29.2933;18.0082
-29.278;17.9855
-29.2631;17.9626
-29.2479;17.9401
-29.2245;17.9065
-29.2094;17.8841
-29.1946;17.8613
-29.1804;17.8379
-29.1661;17.8033
-29.1509;17.7801
-29.1356;17.757
-29.1202;17.7341
-29.0958;17.7005
-29.0798;17.6779
-29.0558;17.6553
-29.0395;17.633
-29.0231;17.6109
-29.0068;17.5777
-28.9909;17.5554
-28.9752;17.5331
-28.9594;17.5108
-28.9435;17.4775
-28.9283;17.4547
-28.9135;17.4315
-28.8903;17.4083
-28.8746;17.3855
-28.8587;17.3518
-28.8429;17.3293
-28.8268;17.3069
-28.8106;17.2848
-28.794;17.2629
-28.7775;17.2409
-28.7614;17.2075
-28.7455;17.1851
-28.7299;17.1624
-28.7142;17.1396
-28.6985;17.1169
-28.683;17.083
-28.6673;17.0603
-28.6514;17.0377
-28.6355;17.0152
-28.6195;16.9927
-28.6034;16.9703
-28.5872;16.9366
-28.5709;16.914
-28.5545;16.8914
-28.5461;16.8689
-28.5298;16.8462
-28.514;16.8232
-28.4982;16.8003
-28.4827;16.7774
-28.4676;16.7544
-28.4529;16.7313
-28.4461;16.6974
-28.4314;16.6747
-28.4161;16.6524
-28.4007;16.6413
-28.3854;16.608
-28.3614;16.5861
-28.3445;16.5758
-28.3275;16.5543
-28.311;16.5323
-28.2946;16.499
-28.2785;16.4767
-28.2628;16.4541
-28.2474;16.4314
-28.232;16.4088
-28.2165;16.3864
-28.2009;16.3639
-28.1853;16.3302
-28.1698;16.3075
-28.1542;16.285
-28.1384;16.2625
-28.1302;16.2403
-28.1141;16.2181
-28.0981;16.1959
-28.0819;16.1737
-28.0656;16.1517
-28.0493;16.1295
-28.0331;16.1072
-28.017;16.0848
-28.0092;16.0623
-27.9932;16.0399
-27.9773;16.0174
-27.9613;15.9949
-27.9456;15.9723
-27.9297;15.9386
-27.914;15.9158
-27.8982;15.8931
-27.8824;15.8705
-27.8662;15.8481
-27.85;15.8257
-27.8338;15.8035
-27.8175;15.7814
-27.8013;15.7592
-27.7855;15.7368
-27.7779;15.7142
-27.7622;15.6916
-27.7465;15.6577
-27.7304;15.6353
-27.7142;15.6129
-27.6978;15.5906
-27.6815;15.5683
-27.6651;15.5461
-27.6487;15.5239
-27.6323;15.4906
-27.6159;15.4685
-27.5997;15.4462
-27.5837;15.4238
-27.5677;15.4015
-27.5518;15.379
-27.536;15.3565
-27.5201;15.3228
-27.5044;15.3001
-27.4883;15.2775
-27.4721;15.255
-27.456;15.2324
-27.4399;15.2099
-27.4236;15.1876
-27.4073;15.1656
-27.3908;15.1438
-27.3744;15.1108
-27.3583;15.0888
-27.3424;15.0666
-27.335;15.044
-27.3196;15.0212
-27.3042;14.9873
-27.2887;14.9645
-27.2729;14.9421
-27.257;14.9198
-27.2411;14.8974
-27.2168;14.8753
-27.2006;14.8531
-27.1925;14.8198
-27.1767;14.7973
-27.1608;14.7748
-27.1448;14.7526
-27.1288;14.7303
-27.1126;14.7082
-27.0965;14.6859
-27.0803;14.6525
-27.0642;14.6301
-27.0481;14.6076
-27.04;14.5853
-27.0238;14.563
-27.0079;14.5294
-26.9921;14.5069
-26.9759;14.4847
-26.9599;14.4623
-26.9435;14.4401
-26.9272;14.4178
-26.9111;14.3955
-26.8954;14.3618
-26.8797;14.3393
-26.864;14.3167
-26.8482;14.2942
-26.8321;14.2719
-26.8159;14.2496
-26.7997;14.2273
-26.7837;14.2049
-26.7679;14.1825
-26.7522;14.1489
-26.7365;14.1264
-26.7203;14.1042
-26.7042;14.0819
-26.6881;14.0596
-26.6718;14.0373
-26.6556;14.0151
-26.6396;13.9927
-26.6236;13.9704
-26.6075;13.9371
-26.5916;13.9147
-26.5756;13.8923
-26.5678;13.8699
-26.5519;13.8473
-26.5359;13.8248
-26.5197;13.8025
-26.5037;13.7801
-26.4878;13.7576
-26.4721;13.7351
-26.4563;13.7126
-26.4403;13.6791
-26.4241;13.6568
-26.4081;13.6344
-26.3923;13.6118
-26.3763;13.5895
-26.36;13.5673
-26.3439;13.5451
-26.3278;13.5228
-26.3122;13.5001
-26.2965;13.4774
-26.2806;13.4549
-26.2646;13.4325
-26.2485;13.4101
-26.2324;13.3877
-26.2162;13.3655
-26.1999;13.3433
-26.1838;13.3099
-26.1678;13.2874
-26.1518;13.2649
-26.1358;13.2424
-26.1195;13.2201
-26.1033;13.1978
-26.0873;13.1754
-26.0714;13.1529
-26.0556;13.1303
-26.0397;13.1078
-26.0238;13.0853
-26.0078;13.0628
-25.9919;13.0402
-25.9762;13.0176
-25.9601;12.9951
-25.9442;12.9727
-25.9283;12.9392
-25.9124;12.9168
-25.8966;12.8945
-25.8806;12.8721
-25.8648;12.8497
-25.8489;12.8273
-25.8329;12.8047
-25.817;12.7823
-25.8009;12.7599
-25.7849;12.7375
-25.7692;12.715
-25.7536;12.6813
-25.7377;12.6589
-25.7219;12.6364
-25.7061;12.6138
-25.6902;12.5914
-25.6662;12.5689
-25.6503;12.5464
-25.6344;12.5239
-25.6185;12.5014
-25.6028;12.4788
-25.5872;12.4561
-25.5716;12.4334
-25.5564;12.4105
-25.5414;12.3874
-25.5263;12.3644
-25.5114;12.3412
-25.4965;12.3181
-25.4734;12.2948
-25.4586;12.2715
-25.4439;12.248
-25.4296;12.2243
-25.4071;12.2008
-25.3927;12.1772
-25.378;12.1538
-25.3635;12.1302
-25.341;12.1067
-25.3267;12.083
-25.3127;12.0593
-25.2986;12.0355
-25.2764;12.0118
-25.2704;11.9881
-25.2484;11.9642
-25.2346;11.9403
-25.2209;11.9273
-25.1989;11.9033
-25.1853;11.8791
-25.1718;11.8549
-25.1503;11.8304
-25.1371;11.8171
-25.1158;11.7925
-25.1029;11.7677
-25.0903;11.7427
-25.0693;11.7178
-25.0564;11.7041
-25.0357;11.679
-25.0234;11.6537
-25.0029;11.6395
-24.9905;11.6142
-24.9699;11.5889
-24.9573;11.5749
-24.9365;11.5498
-24.924;11.5244
-24.9036;11.5102
-24.883;11.4848
-24.8706;11.4594
-24.8503;11.4449
-24.8381;11.4192
-24.8179;11.4045
-24.7977;11.3788
-24.7855;11.3531
-24.7652;11.3385
-24.7454;11.3124
-24.7337;11.2974
-24.7134;11.2716
-24.6935;11.2565
-24.6818;11.2301
-24.662;11.2149
-24.6423;11.1885
-24.6307;11.1731
-24.6111;11.1576
-24.5916;11.1308
-24.572;11.1152
-24.5521;11.0888
-24.5324;11.0734
-24.5208;11.058
-24.5012;11.0314
-24.4817;11.0157
-24.4624;10.9997
-24.4433;10.9724
-24.4323;10.9562
-24.4051;10.9399
-24.394;10.9236
-24.3746;10.8965
-24.3552;10.8804
-24.3359;10.8643
-24.3165;10.8481
-24.2973;10.8206
-24.2779;10.8043
-24.2585;10.7881
-24.2391;10.7718
-24.2198;10.7554
-24.2085;10.728
-24.1892;10.7115
-24.1698;10.6953
-24.1504;10.6789
-24.1313;10.6621
-24.112;10.6454
-24.0927;10.6286
-24.0734;10.6117
-24.0542;10.5946
-24.0348;10.5777
-24.0153;10.561
-23.9961;10.5439
-23.9769;10.5269
-23.9577;10.5099
-23.9385;10.4928
-23.9192;10.4758
-23.8997;10.459
-23.8802;10.4421
-23.8606;10.4253
-23.8409;10.4085
-23.8213;10.3918
-23.8015;10.375
-23.7819;10.3581
-23.7625;10.3409
-23.7431;10.3237
-23.7237;10.3174
-23.6961;10.3001
-23.6766;10.2827
-23.6569;10.2654
-23.6374;10.259
-23.6096;10.2416
-23.5901;10.224
-23.5705;10.2065
-23.5509;10.1889
-23.5312;10.1824
-23.5114;10.1647
-23.4916;10.1472
-23.4635;10.1297
-23.4437;10.1233
-23.4155;10.1058
-23.3957;10.0881
-23.3758;10.0815
-23.3558;10.0638
-23.336;10.0457
-23.3082;10.0387
-23.2885;10.0203
-23.2687;10.0019
-23.2491;9.99459
-23.2213;9.97607
-23.1932;9.96891
-23.1731;9.95083
-23.153;9.94392
-23.1329;9.92575
-23.1046;9.91869
-23.0842;9.90075
-23.0639;9.8828
-23.0438;9.8756
-23.0155;9.85726
-22.9953;9.84997
-22.975;9.83167
-22.9467;9.82435
-22.9264;9.81712
-22.9062;9.79849
-22.8777;9.7911
-22.8575;9.77237
-22.8372;9.7647
-22.8169;9.75683
-22.7883;9.73817
-22.7679;9.73026
-22.7393;9.72246
-22.7186;9.70399
-22.698;9.69644
-22.6693;9.68862
-22.6487;9.66975
-22.628;9.66224
-22.5991;9.65483
-22.5784;9.63633
-22.5576;9.62906
-22.5286;9.62176
-22.5076;9.61458
-22.4785;9.59597
-22.4575;9.58831
-22.4364;9.58066
-22.4073;9.57292
-22.3864;9.55386
-22.3573;9.54588
-22.3363;9.53767
-22.3072;9.52948
-22.2861;9.52145
-22.2568;9.51356
-22.2355;9.50585
-22.2144;9.49764
-22.1851;9.4894
-22.1639;9.47009
-22.1346;9.46188
-22.1133;9.45372
-22.0838;9.44556
-22.0624;9.43751
-22.0409;9.42918
-22.0113;9.42087
-21.9816;9.41282
-21.96;9.40484
-21.9383;9.39675
-21.9084;9.38865
-21.8866;9.38054
-21.8568;9.37236
-21.8349;9.36437
-21.8049;9.35619
-21.783;9.34798
-21.7529;9.35094
-21.7309;9.34265
-21.7008;9.33435
-21.6789;9.3257
-21.6488;9.31709
-21.6268;9.30833
-21.5966;9.29986
-21.5746;9.29115
-21.5444;9.2823
-21.5222;9.28471
-21.4919;9.27584
-21.4697;9.27815
-21.4393;9.26967
-21.4169;9.2615
-21.3864;9.25334
-21.3639;9.24535
-21.3333;9.24831
-21.3108;9.24003
-21.2802;9.23159
-21.2576;9.23413
-21.2269;9.22586
-21.2041;9.22866
-21.1734;9.22017
-21.1507;9.21166
-21.1199;9.21399
-21.0971;9.20499
-21.0743;9.19614
-21.0433;9.19824
-21.0204;9.1895
-20.9892;9.19218
-20.9663;9.1947
-20.9352;9.18608
-20.9121;9.17758
-20.8808;9.18012
-20.8577;9.17157
-20.8263;9.17432
-20.803;9.16581
-20.7796;9.16858
-20.7482;9.16033
-20.7248;9.16296
-20.6932;9.15442
-20.6697;9.15703
-20.638;9.14852
-20.6144;9.15089
-20.5908;9.15332
-20.559;9.14469
-20.5353;9.14715
-20.5035;9.13828
-20.4797;9.14074
-20.4559;9.14321
-20.424;9.13441
-20.4001;9.13691
-20.3682;9.12826
-20.3442;9.13068
-20.3202;9.13294
-20.2881;9.12443
-20.2641;9.12704
-20.2318;9.1296
-20.2076;9.12109
-20.1834;9.12373
-20.151;9.12637
-20.1267;9.11786
-20.1024;9.1203
-20.0699;9.1226
-20.0455;9.12477
-20.0211;9.11588
-19.9886;9.11794
-19.9642;9.12024
-19.9397;9.12277
-19.9152;9.11387
-19.8825;9.11628
-19.8579;9.11865
-19.8333;9.12122
-19.8005;9.1237
-19.7758;9.12626
-19.7511;9.12876
-19.7183;9.13149
-19.6935;9.12307
-19.6686;9.12525
-19.6437;9.12744
-19.6107;9.12971
-19.5857;9.13222
-19.5608;9.13464
-19.5358;9.13699
-19.5107;9.13945
-19.4775;9.1418
-19.4523;9.14428
-19.4271;9.14685
-19.4018;9.14923
-19.3764;9.15151
-19.3428;9.15343
-19.3173;9.15536
-19.2917;9.15729
-19.2663;9.15957
-19.2409;9.1622
-19.2073;9.16453
-19.1817;9.16679
-19.1561;9.1802
-19.1304;9.18282
-19.1047;9.18527
-19.0789;9.1875
-19.0531;9.19019
-19.0192;9.1932
-18.9934;9.19603
-18.9676;9.20993
-18.9418;9.21312
-18.9158;9.21573
-18.8898;9.21822
-18.8636;9.23149
-18.8375;9.23376
-18.8113;9.23613
-18.7851;9.23823
-18.7588;9.25175
-18.7325;9.25437
-18.7062;9.25704
-18.68;9.25998
-18.6457;9.27394
-18.6193;9.27642
-18.593;9.27905
-18.5748;9.29297
-18.5485;9.29608
-18.514;9.29919
-18.4877;9.30268
-18.4613;9.31686
-18.4349;9.31993
-18.4084;9.33411
-18.3819;9.33718
-18.3554;9.34037
-18.3287;9.35452
-18.3101;9.35756
-18.2835;9.36074
-18.2567;9.37491
-18.2299;9.37795
-18.203;9.39223
-18.1761;9.39556
-18.1492;9.40996
-18.1222;9.41293
-18.0953;9.41649
-18.0765;9.43072
-18.0495;9.43407
-18.0226;9.44878
-17.9956;9.45254
-17.9686;9.46732
-17.9498;9.47112
-17.9228;9.48613
-17.8958;9.49001
-17.8687;9.49376
-17.8416;9.5087
-17.8145;9.51282
-17.7956;9.5281
-17.7685;9.53244
-17.7413;9.54758
-17.7142;9.55184
-17.6951;9.56725
-17.668;9.57163
-17.6407;9.58696
-17.6134;9.60228
-17.586;9.60635
-17.5667;9.62158
-17.5393;9.6258
-17.52;9.6411
-17.4926;9.6566
-17.4651;9.66089
-17.4377;9.67666
-17.4185;9.68138
-17.3911;9.69715
-17.3636;9.7129
-17.3362;9.71773
-17.317;9.73393
-17.2896;9.74988
-17.2703;9.75493
-17.2429;9.77122
-17.2154;9.78751
-17.1879;9.79244
-17.1879;9.79244
-17.1412;9.81422
-17.1137;9.83043
-17.0943;9.84679
-17.0667;9.85193
-17.0473;9.8792
-17.0198;9.88459
-16.9925;9.90129
-16.9732;9.91793
-16.9459;9.92366
-16.9184;9.94047
-16.899;9.9573
-16.8713;9.96277
-16.8437;9.97942
-16.8246;9.99676
-16.7974;10.0141
-16.7785;10.0315
-16.7513;10.0488
-16.7239;10.0548
-16.7048;10.0722
-16.6777;10.0899
-16.6507;10.0966
-16.6235;10.1144
-16.6046;10.1321
-16.5774;10.1499
-16.5504;10.1676
-16.5317;10.1745
-16.5047;10.1924
-16.4776;10.2103
-16.4589;10.2287
-16.4321;10.236
-16.4052;10.2544
-16.3783;10.2727
-16.3595;10.291
-16.3326;10.3093
-16.3136;10.3273
-16.2866;10.3455
-16.2597;10.3528
-16.2327;10.3711
-16.214;10.3896
-16.1872;10.4082
-16.1606;10.4157
-16.1419;10.4342
-16.1153;10.453
-16.0886;10.4718
-16.0698;10.4904
-16.0427;10.5088
-16.0158;10.5162
-15.9972;10.5348
-15.9705;10.5535
-15.9441;10.5726
-15.926;10.5809
-15.8998;10.6004
-15.8733;10.6195
-15.8548;10.6385
-15.828;10.6574
-15.8014;10.6655
-15.783;10.685
-15.7566;10.7046
-15.7302;10.7242
-15.7039;10.7437
-15.6858;10.7522
-15.6594;10.7717
-15.6328;10.791
-15.6143;10.8103
-15.5877;10.8298
-15.5614;10.8384
-15.543;10.8582
-15.5167;10.878
-15.4905;10.8981
-15.4729;10.9184
-15.4473;10.9277
-15.4215;10.948
-15.4036;10.968
-15.3774;10.9881
-15.3513;11.0084
-15.3255;11.0179
-15.3079;11.0386
-15.282;11.059
-15.2561;11.0794
-15.2382;11.0883
-15.2124;11.1086
-15.1865;11.129
-15.1606;11.1495
-15.1427;11.1701
-15.117;11.1908
-15.0912;11.2116
-15.0737;11.2213
-15.0481;11.2421
-15.0222;11.2624
-15.0046;11.2829
-14.979;11.2926
-14.9533;11.3133
-14.9278;11.3343
-14.9105;11.3557
-14.8851;11.3769
-14.8595;11.3979
-14.834;11.4076
-14.8167;11.4285
-14.7913;11.4494
-14.7659;11.4705
-14.7485;11.4802
-14.7228;11.5011
-14.6971;11.522
-14.6715;11.5428
-14.646;11.5637
-14.6286;11.5843
-14.6029;11.5938
-14.5773;11.6145
-14.5599;11.6353
-14.5344;11.6564
-14.5092;11.6777
-14.4839;11.6877
-14.4664;11.7086
-14.4409;11.7294
-14.4156;11.7503
-14.3906;11.7716
-14.3734;11.7816
-14.3479;11.8024
-14.3223;11.8234
-14.305;11.8443
-14.2795;11.8651
-14.2543;11.875
-14.2371;11.896
-14.2117;11.9169
-14.1864;11.9379
-14.1612;11.9591
-14.1441;11.9694
-14.1189;11.9908
-14.0938;12.0122
-14.0767;12.0336
-14.0517;12.0551
-14.0265;12.0651
-14.0091;12.0859
-13.9836;12.1067
-13.9583;12.1279
-13.9413;12.1492
-13.9163;12.1707
-13.8911;12.1809
-13.8741;12.2022
-13.849;12.2235
-13.8237;12.2446
-13.8063;12.2544
-13.7809;12.2754
-13.7639;12.2968
-13.7388;12.3184
-13.7138;12.34
-13.6968;12.3614
-13.6715;12.3715
-13.6463;12.3928
-13.6295;12.4144
-13.6046;12.4361
-13.5877;12.4575
-13.5626;12.4678
-13.5375;12.4892
-13.5201;12.5102
-13.4947;12.5314
-13.4773;12.5525
-13.4522;12.5739
-13.4271;12.5951
-13.4102;12.6054
-13.3851;12.6267
-13.3681;12.648
-13.343;12.6694
-13.3179;12.6797
-13.3007;12.701
-13.2755;12.7223
-13.2506;12.7438
-13.2337;12.7654
-13.2088;12.7758
-13.1922;12.7975
-13.1672;12.8192
-13.1423;12.8408
-13.1254;12.8513
-13.1004;12.873
-13.0754;12.8947
-13.0586;12.9164
-13.0337;12.9271
-13.017;12.9489
-12.9923;12.9707
-12.9675;12.9925
-12.9508;13.0032
-12.9262;13.0249
-12.9015;13.0467
-12.885;13.0685
-12.8603;13.0903
-12.844;13.1124
-12.8197;13.1237
-12.7955;13.1462
-12.7794;13.1687
-12.7549;13.1798
-12.7308;13.2021
-12.7146;13.2242
-12.6904;13.2464
-12.666;13.2574
-12.6497;13.2797
-12.6252;13.3019
-12.6011;13.3245
-12.5849;13.3468
-12.5607;13.358
-12.5367;13.3805
-12.5207;13.4028
-12.4967;13.4143
-12.4727;13.4369
-12.4568;13.4595
-12.4327;13.4822
-12.4087;13.4936
-12.3847;13.5162
-12.369;13.5389
-12.3451;13.5505
-12.3214;13.5735
-12.2977;13.5966
-12.2824;13.6199
-12.2589;13.6321
-12.2355;13.6555
-12.2123;13.6791
-12.1887;13.7025
-12.1651;13.7147
-12.1414;13.7379
-12.1259;13.7501
-12.1024;13.7735
-12.079;13.7971
-12.0558;13.8095
-12.0327;13.8333
-12.0096;13.8459
-11.9867;13.8699
-11.9635;13.8936
-11.9404;13.9173
-11.9173;13.9299
-11.8944;13.954
-11.8797;13.9668
-11.8568;13.9908
-11.8341;14.0037
-11.8114;14.0279
-11.7885;14.052
-11.7658;14.0651
-11.7432;14.0895
-11.7207;14.1029
-11.6982;14.1274
-11.6758;14.1411
-11.6535;14.1658
-11.6312;14.1795
-11.6089;14.2043
-11.5866;14.2179
-11.5647;14.2319
-11.5426;14.2568
-11.5207;14.282
-11.4989;14.296
-11.4771;14.3102
-11.4553;14.3243
-11.4336;14.3499
-11.4117;14.364
-11.39;14.3785
-11.3686;14.4045
-11.3473;14.4194
-11.3259;14.4341
-11.3042;14.4487
-11.2826;14.4745
-11.2611;14.4892
-11.2395;14.5039
-11.2179;14.5187
-11.1964;14.5336
-11.1749;14.5484
-11.1533;14.5742
-11.1317;14.5891
-11.102;14.604
-11.0806;14.619
-11.0591;14.634
-11.0377;14.6493
-11.0165;14.6647
-10.9952;14.68
-10.9739;14.6955
-10.9525;14.7108
-10.9312;14.7263
-10.91;14.7418
-10.8888;14.7573
-10.8676;14.7728
-10.8464;14.7883
-10.8253;14.804
-10.8042;14.8197
-10.7831;14.8355
-10.7619;14.8402
-10.7407;14.8562
-10.7197;14.8722
-10.6984;14.8881
-10.6691;14.9042
-10.648;14.9203
-10.6269;14.9253
-10.6058;14.9413
-10.5848;14.9576
-10.5636;14.9737
-10.5427;14.99
-10.5216;14.9952
-10.5005;15.0115
-10.4794;15.0279
-10.4584;15.0444
-10.4372;15.0496
-10.4161;15.0661
-10.3951;15.083
-10.3742;15.0888
-10.3534;15.1058
-10.3325;15.1229
-10.3036;15.1291
-10.2828;15.1463
-10.2617;15.1522
-10.2405;15.169
-10.2196;15.1862
-10.1987;15.1925
-10.1778;15.2099
-10.1567;15.216
-10.1275;15.233
-10.1064;15.2391
-10.0854;15.2565
-10.0645;15.2629
-10.0434;15.2804
-10.0223;15.2869
-9.99309;15.3044
-9.9719;15.3108
-9.95064;15.328
-9.92927;15.334
-9.89993;15.3515
-9.87858;15.3577
-9.85734;15.3752
-9.83596;15.3815
-9.80642;15.3878
-9.78503;15.4053
-9.75548;15.4117
-9.73394;15.4179
-9.71254;15.4355
-9.69108;15.4418
-9.66961;15.459
-9.64004;15.4652
-9.61872;15.4719
-9.59746;15.4899
-9.56792;15.4966
-9.54657;15.5038
-9.52516;15.5219
-9.49552;15.5286
-9.47398;15.5353
-9.45246;15.542
-9.42259;15.5596
-9.40089;15.5663
-9.37913;15.5729
-9.34933;15.5797
-9.32763;15.5977
-9.29776;15.6044
-9.27617;15.6115
-9.25464;15.6188
-9.22491;15.6261
-9.20323;15.6444
-9.18151;15.6518
-9.15166;15.6592
-9.12982;15.6665
-9.10804;15.6738
-9.07824;15.6815
-9.05642;15.689
-9.02639;15.6964
-9.00442;15.7036
-8.98237;15.722
-8.95224;15.7293
-8.93017;15.7366
-8.90005;15.744
-8.87799;15.7516
-8.85597;15.7593
-8.8258;15.7672
-8.80371;15.775
-8.77333;15.7715
-8.75109;15.7791
-8.7288;15.7867
-8.69838;15.7944
-8.67597;15.8018
-8.64546;15.8095
-8.6231;15.817
-8.6006;15.8242
-8.57004;15.8315
-8.54762;15.839
-8.5171;15.8356
-8.49458;15.8433
-8.47207;15.8511
-8.44144;15.8591
-8.41887;15.8558
-8.39634;15.8636
-8.37384;15.8718
-8.34319;15.8802
-8.32059;15.8885
-8.28972;15.8855
-8.26701;15.8934
-8.24428;15.89
-8.21351;15.8983
-8.19085;15.9068
-8.16803;15.9039
-8.14516;15.9122
-8.11415;15.9205
-8.09119;15.9175
-8.06821;15.9259
-8.037;15.9228
-8.01387;15.9308
-7.99075;15.928
-7.95942;15.9362
-7.93621;15.9333
-7.91295;15.9414
-7.88966;15.9494
-7.86635;15.9465
-7.83495;15.9546
-7.81166;15.9517
-7.78823;15.9598
-7.75666;15.9566
-7.73318;15.9534
-7.70965;15.9611
-7.6861;15.9578
-7.66251;15.9656
-7.63898;15.9623
-7.60727;15.9703
-7.58365;15.9677
-7.56;15.9759
-7.53625;15.9732
-7.5125;15.9703
-7.48876;15.9788
-7.45686;15.976
-7.43304;15.9731
-7.40913;15.9811
-7.38523;15.9779
-7.36129;15.9859
-7.33732;15.9829
-7.31328;15.9799
-7.28924;15.9876
-7.26512;15.9844
-7.23289;15.9809
-7.2087;15.9771
-7.18454;15.9848
-7.16025;15.9814
-7.13594;15.9781
-7.1116;15.9859
-7.08718;15.9827
-7.06277;15.9793
-7.03833;15.9762
-7.01382;15.9731
-6.98931;15.9812
-6.96476;15.9784
-6.94022;15.9755
-6.91568;15.9726
-6.89111;15.9698
-6.87459;15.978
-6.84994;15.9752
-6.82528;15.972
-6.80059;15.9687
-6.77581;15.9658
-6.75101;15.9625
-6.72615;15.9591
-6.70124;15.9559
-6.67637;15.9523
-6.65146;15.9599
-6.62656;15.9565
-6.60975;15.9531
-6.58477;15.9499
-6.55974;15.9468
-6.53466;15.9439
-6.50954;15.9406
-6.49249;15.9376
-6.46727;15.9347
-6.44201;15.9317
-6.41674;15.9286
-6.39141;15.9257
-6.37419;15.9226
-6.34883;15.9193
-6.32345;15.9161
-6.29802;15.9128
-6.28073;15.9096
-6.25532;15.9061
-6.22981;15.9028
-6.20429;15.8996
-6.18678;15.8966
-6.16115;15.8823
-6.13543;15.8792
-6.1097;15.8759
-6.09213;15.8725
-6.06641;15.8688
-6.04879;15.8653
-6.02298;15.8618
-5.99713;15.8584
-5.97934;15.8439
-5.95336;15.8408
-5.92734;15.8378
-5.90957;15.8343
-5.8836;15.831
-5.86571;15.8277
-5.83964;15.8134
-5.82166;15.8101
-5.79554;15.8065
-5.77749;15.803
-5.75136;15.788
-5.72525;15.7842
-5.7073;15.7802
-5.6812;15.7764
-5.66309;15.7729
-5.64488;15.7586
-5.61849;15.7552
-5.6002;15.7518
-5.57367;15.7374
-5.55524;15.7342
-5.52859;15.7309
-5.51011;15.7276
-5.48352;15.713
-5.46506;15.7094
-5.43839;15.7059
-5.41979;15.6914
-5.40123;15.6875
-5.38256;15.6727
-5.35584;15.6689
-5.33734;15.6647
-5.31067;15.6497
-5.29202;15.6459
-5.26519;15.6422
-5.24642;15.6274
-5.22745;15.6238
-5.20045;15.6201
-5.1815;15.6054
-5.16255;15.6018
-5.14354;15.5872
-5.11643;15.5836
-5.09738;15.58
-5.07834;15.5652
-5.05943;15.5611
-5.03241;15.5459
-5.01348;15.5419
-4.99439;15.5272
-4.97533;15.5231
-4.95615;15.5081
-4.92878;15.5043
-4.90949;15.4893
-4.89028;15.4852
-4.87097;15.4702
-4.84347;15.4663
-4.82403;15.4515
-4.80449;15.4477
-4.78499;15.4328
-4.76555;15.4286
-4.74607;15.4134
-4.72657;15.4094
-4.70707;15.3941
-4.67935;15.3902
-4.65976;15.375
-4.64004;15.3711
-4.62031;15.356
-4.6006;15.3409
-4.58068;15.3371
-4.56091;15.3219
-4.54114;15.3177
-4.52121;15.3026
-4.50136;15.2873
-4.48139;15.2832
-4.46151;15.2678
-4.44157;15.2635
-4.41337;15.2484
-4.39333;15.2332
-4.37327;15.229
-4.36147;15.2135
-4.33345;15.198
-4.31343;15.1936
-4.29334;15.1782
-4.27325;15.1627
-4.25312;15.1583
-4.23289;15.1429
-4.21261;15.1275
-4.19233;15.1232
-4.17184;15.108
-4.15959;15.0926
-4.13912;15.0773
-4.11858;15.0732
-4.09814;15.0578
-4.07769;15.0423
-4.05715;15.0268
-4.03674;15.0223
-4.01615;15.0069
-3.99543;14.9916
-3.98293;14.976
-3.9621;14.9718
-3.94111;14.9564
-3.92033;14.9408
-3.89935;14.9254
-3.87846;14.9098
-3.86572;14.8942
-3.84495;14.8784
-3.82424;14.8737
-3.80354;14.8579
-3.78279;14.8421
-3.7618;14.8264
-3.74887;14.8108
-3.72761;14.8063
-3.70637;14.7906
-3.68533;14.7747
-3.67236;14.7589
-3.65136;14.7429
-3.63022;14.7271
-3.609;14.7113
-3.59594;14.6954
-3.57443;14.6798
-3.5529;14.6641
-3.53952;14.6484
-3.51811;14.6325
-3.49662;14.6166
-3.48283;14.6012
-3.46089;14.5969
-3.43906;14.5812
-3.42566;14.5651
-3.40386;14.5493
-3.38214;14.5335
-3.36841;14.5178
-3.34672;14.5019
-3.3331;14.486
-3.31133;14.4701
-3.29776;14.4427
-3.27603;14.4264
-3.26255;14.41
-3.24074;14.3938
-3.2188;14.3777
-3.20476;14.3617
-3.18255;14.3457
-3.16819;14.3299
-3.14577;14.3138
-3.13132;14.2979
-3.10888;14.2707
-3.09449;14.2548
-3.08017;14.2387
-3.05799;14.2222
-3.04365;14.206
-3.02113;14.1897
-3.00652;14.1735
-2.98387;14.146
-2.96922;14.1299
-2.95475;14.1135
-2.93195;14.0973
-2.91742;14.0699
-2.90278;14.0535
-2.87988;14.0372
-2.86516;14.0206
-2.8425;13.9928
-2.82776;13.9763
-2.813;13.9598
-2.79809;13.9433
-2.77509;13.9157
-2.75997;13.8993
-2.74491;13.8829
-2.72986;13.8553
-2.70702;13.8385
-2.69213;13.8218
-2.67704;13.7941
-2.6618;13.7774
-2.64668;13.7607
-2.62328;13.7329
-2.60777;13.7164
-2.59263;13.6996
-2.57771;13.6714
-2.56253;13.6545
-2.54715;13.6377
-2.53175;13.6098
-2.51651;13.5928
-2.50124;13.5758
-2.48593;13.5475
-2.47069;13.5303
-2.45545;13.5019
-2.44;13.4847
-2.42474;13.4674
-2.40921;13.4391
-2.39349;13.4219
-2.3856;13.3938
-2.36963;13.3767
-2.35396;13.3593
-2.33836;13.3308
-2.32264;13.3135
-2.30702;13.2849
-2.29935;13.2674
-2.28386;13.2386
-2.2683;13.2209
-2.25256;13.2033
-2.24506;13.1745
-2.22956;13.1566
-2.21399;13.1277
-2.19843;13.1099
-2.1906;13.0812
-2.1748;13.0635
-2.15869;13.0346
-2.15071;13.0168
-2.13453;12.9878
-2.11838;12.9699
-2.11015;12.9408
-2.09431;12.9228
-2.08626;12.8937
-2.07024;12.8757
-2.06241;12.8464
-2.04618;12.8284
-2.03844;12.7989
-2.02242;12.7806
-2.01476;12.7509
-1.99895;12.7325
-1.9911;12.7029
-1.97498;12.6845
-1.967;12.6549
-1.95079;12.6364
-1.94252;12.6068
-1.93439;12.5882
-1.91821;12.5584
-1.91016;12.5398
-1.90208;12.51
-1.8857;12.4914
-1.87781;12.4614
-1.86938;12.4427
-1.86104;12.4128
-1.84455;12.394
-1.83606;12.3641
-1.8278;12.3451
-1.81956;12.315
-1.80342;12.296
-1.7955;12.2657
-1.78788;12.2464
-1.78016;12.2271
-1.77215;12.1967
-1.7561;12.1663
-1.74818;12.147
-1.74036;12.1276
-1.73252;12.0971
-1.72476;12.0776
-1.71682;12.047
-1.70873;12.0275
-1.7004;12.0081
-1.69215;11.9775
-1.68374;11.9581
-1.67531;11.9275
-1.67498;11.9079
-1.66672;11.8772
-1.65849;11.8576
-1.65044;11.8379
-1.64237;11.807
-1.63422;11.7872
-1.62624;11.7673
-1.61838;11.7362
-1.61869;11.7161
-1.61038;11.685
-1.60228;11.6648
-1.5944;11.6335
-1.58694;11.6132
-1.58718;11.593
-1.57944;11.5617
-1.57177;11.5413
-1.56413;11.5098
-1.56454;11.4893
-1.5566;11.4577
-1.5483;11.4373
-1.54821;11.4168
-1.54011;11.385
-1.53208;11.3643
-1.53207;11.3326
-1.52408;11.3119
-1.51599;11.2801
-1.51624;11.2594
-1.5082;11.2274
-1.50804;11.2066
-1.49982;11.1746
-1.49945;11.1537
-1.49138;11.1327
-1.49129;11.1007
-1.48304;11.0799
-1.48296;11.0478
-1.47472;11.0268
-1.47467;10.9946
-1.46658;10.9735
-1.46652;10.9412
-1.46665;10.9199
-1.45855;10.8876
-1.45829;10.8664
-1.44964;10.8342
-1.4493;10.813
-1.4491;10.7917
-1.44894;10.7593
-1.44064;10.7378
-1.44047;10.7053
-1.44029;10.6838
-1.43207;10.6512
-1.43189;10.6296
-1.43159;10.6081
-1.43125;10.5754
-1.43072;10.5538
-1.42215;10.5211
-1.42173;10.4994
-1.42124;10.4777
-1.42093;10.4449
-1.42047;10.4231
-1.4122;10.4013
-1.41205;10.3685
-1.4119;10.3467
-1.41178;10.3249
-1.41138;10.303
-1.41102;10.27
-1.41085;10.248
-1.41073;10.2258
-1.41057;10.1926
-1.41041;10.1704
-1.40993;10.1372
-1.40961;10.115
-1.40934;10.0928
-1.41723;10.0706
-1.41696;10.0371
-1.41665;10.0147
-1.41614;9.99228
-1.41587;9.95866
-1.42361;9.93607
-1.42318;9.91344
-1.42267;9.87965
-1.42216;9.85698
-1.43037;9.8343
-1.43031;9.81161
-1.43045;9.7778
-1.4304;9.75505
-1.4305;9.73231
-1.43864;9.69842
-1.43835;9.67555
-1.44634;9.65261
-1.44622;9.62956
-1.44619;9.59541
-1.44646;9.57244
-1.45509;9.54947
-1.45541;9.52644
-1.45569;9.49227
-1.45589;9.46917
-1.46414;9.44602
-1.46417;9.42279
-1.46423;9.38846
-1.47246;9.36525
-1.47246;9.34199
-1.48047;9.31864
-1.48025;9.29516
-1.47992;9.26048
-1.48796;9.23686
-1.48767;9.2133
-1.49617;9.18977
-1.49675;9.16623
-1.50502;9.13153
-1.50537;9.10793
-1.5137;9.08427
-1.51402;9.06057
-1.52234;9.03688
-1.52232;9.01308
-1.53052;8.98926
-1.53902;8.96547
-1.53945;8.94169
-1.53964;8.90676
-1.54789;8.88286
-1.55625;8.85898
-1.55632;8.83498
-1.56451;8.81096
-1.57291;8.7869
-1.57318;8.76285
-1.58135;8.73875
-1.5898;8.71465
-1.59003;8.69048
-1.5987;8.66632
-1.60733;8.64211
-1.61589;8.61786
-1.62426;8.58232
-1.63289;8.55797
-1.63351;8.53367
-1.64248;8.50943
-1.65105;8.48505
-1.6598;8.46072
-1.66054;8.4364
-1.67751;8.412
-1.67823;8.38761
-1.68733;8.36318
-1.69646;8.33877
-1.70586;8.31445
-1.71489;8.29
-1.72413;8.26553
-1.73315;8.24097
-1.73397;8.21626
-1.743;8.19155
-1.76003;8.16673
-1.76919;8.14204
-1.77853;8.11739
-1.78784;8.09273
-1.79713;8.068
-1.80658;8.04326
-1.81618;8.01858
-1.82573;7.99373
-1.83538;7.96892
-1.84484;7.93287
-1.85449;7.91908
-1.86408;7.89413
-1.87389;7.85816
-1.88361;7.83329
-1.89344;7.80847
-1.90314;7.78354
-1.913;7.75864
-1.9232;7.73381
-1.93343;7.70902
-1.9437;7.68425
-1.95403;7.65954
-1.96421;7.63469
-1.97431;7.60983
-1.9926;7.58497
-2.00297;7.56013
-2.01323;7.53518
-2.02345;7.51022
-2.03389;7.48534
-2.04412;7.46035
-2.05454;7.43541
-2.06493;7.41044
-2.07538;7.38551
-2.08589;7.36059
-2.1045;7.33569
-2.11478;7.3107
-2.12484;7.28553
-2.13502;7.26036
-2.14544;7.23523
-2.16391;7.21008
-2.17446;7.18506
-2.18517;7.17125
-2.19552;7.14612
-2.20606;7.12102
-2.2165;7.09585
-2.22714;7.0707
-2.23768;7.04558
-2.25648;7.02046
-2.26741;6.99544
-2.27825;6.97036
-2.28908;6.95632
-2.29991;6.93119
-2.31878;6.90594
-2.32968;6.88076
-2.34029;6.85539
-2.35085;6.83001
-2.36966;6.80464
-2.38034;6.7903
-2.39109;6.76491
-2.40998;6.73947
-2.42103;6.71411
-2.43998;6.68865
-2.45062;6.67417
-2.46128;6.64855
-2.48021;6.62292
-2.49118;6.59739
-2.51038;6.57191
-2.52148;6.54643
-2.53273;6.52101
-2.55227;6.50674
-2.56409;6.4816
-2.58383;6.45631
-2.59527;6.43088
-2.6149;6.40548
-2.62667;6.39133
-2.64653;6.36604
-2.65803;6.34062
-2.67745;6.315
-2.68882;6.28935
-2.70859;6.26377
-2.72023;6.24932
-2.73993;6.2238
-2.75158;6.19836
-2.77145;6.17296
-2.7833;6.15868
-2.80349;6.13352
-2.81543;6.10815
-2.83557;6.08277
-2.84752;6.05737
-2.86753;6.04302
-2.87947;6.01758
-2.89976;5.99222
-2.91189;5.96699
-2.93198;5.95283
-2.94402;5.92759
-2.96431;5.90244
-2.97621;5.87706
-2.99619;5.8627
-3.01633;5.83727
-3.02855;5.81209
-3.04901;5.78697
-3.06165;5.76207
-3.08196;5.74798
-3.09397;5.72256
-3.11441;5.69731
-3.12672;5.68305
-3.14723;5.65766
-3.16806;5.63262
-3.18057;5.60752
-3.20102;5.59337
-3.21358;5.56832
-3.23423;5.54324
-3.24676;5.52925
-3.2676;5.50424
-3.2803;5.47915
-3.30146;5.46548
-3.31465;5.44076
-3.33559;5.41578
-3.35635;5.39069
-3.36893;5.37659
-3.38987;5.35151
-3.40279;5.33773
-3.42399;5.31295
-3.44528;5.28829
-3.45842;5.27471
-3.47984;5.25009
-3.49337;5.22555
-3.51467;5.21175
-3.53595;5.18681
-3.54928;5.16196
-3.5708;5.14833
-3.59205;5.12338
-3.60549;5.10976
-3.62695;5.08503
-3.64037;5.06043
-3.66215;5.04702
-3.67596;5.02263
-3.69772;4.99808
-3.7115;4.98471
-3.73346;4.96027
-3.75561;4.93599
-3.76946;4.92271
-3.79138;4.89827
-3.80544;4.88516
-3.82755;4.86083
-3.84982;4.83662
-3.8641;4.82371
-3.88651;4.79969
-3.90097;4.77582
-3.92379;4.76316
-3.93854;4.73944
-3.96144;4.72674
-3.98429;4.70299
-3.99897;4.6793
-4.02196;4.66701
-4.03671;4.64351
-4.05959;4.62
-4.07435;4.60749
-4.09729;4.58386
-4.11234;4.56034
-4.12761;4.54808
-4.15092;4.5248
-4.1744;4.50162
-4.18968;4.48958
-4.21309;4.46645
-4.22827;4.44316
-4.25155;4.43095
-4.26704;4.40789
-4.28256;4.38492
-4.30629;4.3732
-4.3218;4.35021
-4.34541;4.33838
-4.36088;4.31535
-4.38429;4.29222
-4.40002;4.26937
-4.42375;4.25754
-4.4397;4.23491
-4.45556;4.2122
-4.47965;4.20071
-4.49548;4.17803
-4.51963;4.15554
-4.53566;4.14428
-4.55973;4.12183
-4.5756;4.09931
-4.59147;4.07672
-4.6154;4.06519
-4.63122;4.04255
-4.64703;4.01991
-4.6711;3.99746
-4.68713;3.97509
-4.71134;3.96383
-4.72773;3.94175
-4.75208;3.91951
-4.7681;3.89708
-4.78427;3.88589
-4.80845;3.86355
-4.8246;3.84129
-4.84894;3.81911
-4.86505;3.79688
-4.88099;3.78553
-4.90522;3.76323
-4.92166;3.7412
-4.93799;3.71907
-4.96255;3.70815
-4.97877;3.68596
-5.0033;3.66391
-5.01966;3.64185
-5.03596;3.61969
-5.06035;3.60867
-5.0764;3.58637
-5.10051;3.56396
-5.11667;3.54178
-5.13289;3.51953
-5.15739;3.50861
-5.17391;3.48672
-5.19844;3.46478
-5.21486;3.44278
-5.23144;3.42094
-5.25603;3.41005
-5.27261;3.3881
-5.28899;3.36601
-5.31374;3.34417
-5.33017;3.32219
-5.34657;3.30024
-5.37129;3.28959
-5.38787;3.2678
-5.40444;3.24602
-5.42899;3.22404
-5.44548;3.20206
-5.47018;3.1801
-5.48676;3.15815
-5.51113;3.14704
-5.52748;3.12487
-5.54391;3.10289
-5.56855;3.08088
-5.58522;3.05895
-5.61001;3.03708
-5.62659;3.01513
-5.6512;2.99303
-5.66769;2.97093
-5.69244;2.94897
-5.70913;2.93817
-5.72595;2.90528
-5.75084;2.89456
-5.76747;2.8726
-5.79234;2.8508
-5.8092;2.82917
-5.83404;2.80741
-5.85053;2.78543
-5.87531;2.76349
-5.892;2.74158
-5.909;2.71996
-5.93387;2.69811
-5.95069;2.67639
-5.97561;2.65464
-5.99243;2.63297
-6.01726;2.61125
-6.03414;2.58958
-6.0592;2.5679
-6.07616;2.54632
-6.10134;2.52469
-6.11851;2.50323
-6.1438;2.48183
-6.16074;2.46021
-6.18588;2.43873
-6.20288;2.41722
-6.22001;2.39584
-6.2454;2.37465
-6.26262;2.35335
-6.2882;2.33226
-6.30565;2.31118
-6.3233;2.27922
-6.34884;2.25816
-6.36636;2.2372
-6.38392;2.21626
-6.40166;2.19548
-6.42748;2.17467
-6.4453;2.15397
-6.46311;2.13326
-6.48934;2.11276
-6.50755;2.09234
-6.52573;2.07172
-6.54373;2.05105
-6.56181;2.03046
-6.588;1.99878
-6.60623;1.97836
-6.62446;1.958
-6.64261;1.9375
-6.66093;1.91715
-6.67955;1.897
-6.70653;1.877
-6.72507;1.85678
-6.74362;1.83649
-6.76228;1.80512
-6.78102;1.78494
-6.7995;1.76458
-6.81799;1.74427
-6.83668;1.72408
-6.85561;1.70397
-6.87469;1.67293
-6.89378;1.653
-6.92099;1.63306
-6.94;1.61299
-6.95916;1.58198
-6.97827;1.56214
-6.99723;1.54212
-7.01623;1.52211
-7.03529;1.49104
-7.05438;1.47109
-7.07365;1.45123
-7.09316;1.4315
-7.11262;1.40061
-7.13208;1.38087
-7.14366;1.36133
-7.16328;1.33064
-7.1829;1.31106
-7.20261;1.29164
-7.2225;1.26113
-7.24236;1.24165
-7.26222;1.22215
-7.2821;1.19159
-7.30202;1.1721
-7.31363;1.15252
-7.33329;1.12181
-7.3531;1.10236
-7.37308;1.07182
-7.39295;1.05234
-7.40492;1.03302
-7.42536;1.00278
-7.4461;0.98386
-7.46668;0.953638
-7.48715;0.934475
-7.49944;0.915311
-7.51961;0.88478
-7.53999;0.86545
-7.55243;0.83512
-7.57306;0.815936
-7.59413;0.785942
-7.60672;0.766832
-7.62741;0.736575
-7.6402;0.717513
-7.6614;0.687524
-7.68241;0.668549
-7.69528;0.638425
-7.71639;0.619467
-7.72958;0.589576
-7.75115;0.570947
-7.76429;0.540976
-7.78561;0.522122
-7.79902;0.492174
-7.81262;0.473385
-7.83435;0.443521
-7.8477;0.424674
-7.86955;0.39499
-7.8834;0.376523
-7.89738;0.346893
-7.91137;0.328352
-7.93359;0.298738
-7.94775;0.280135
-7.9621;0.25056
-7.97646;0.220961
-7.99873;0.202367
-8.01297;0.172735
-8.02735;0.154268
-8.04151;0.124474
-8.0561;0.0948544
-8.07091;0.0764356
-8.08594;0.0469956
-8.10052;0.0284258
-8.11533;-0.00120428
-8.1305;-0.0195648
-8.14537;-0.0492367
-8.16034;-0.0787839
-8.17558;-0.0972184
-8.19103;-0.126637
-8.1983;-0.14507
-8.21381;-0.174533
-8.22905;-0.204133
-8.24426;-0.222672
-8.25151;-0.252223
-8.26698;-0.270758
-8.28249;-0.300376
-8.29824;-0.329963
-8.30598;-0.348427
-8.3217;-0.378059
-8.32942;-0.396569
-8.34536;-0.426229
-8.35303;-0.444796
-8.3689;-0.47453
-8.37657;-0.504287
-8.39256;-0.522889
-8.40032;-0.55274
-8.41599;-0.582776
-8.4234;-0.601754
-8.43906;-0.631871
-8.44691;-0.650736
-8.46285;-0.68086
-8.47058;-0.710967
-8.47822;-0.729987
-8.49434;-0.760063
-8.50263;-0.77905
-8.51071;-0.809227
-8.52673;-0.839468
-8.5347;-0.858663
-8.54253;-0.889056
-8.55048;-0.908388
-8.56652;-0.938879
-8.57447;-0.969348
-8.58211;-0.988858
-8.58944;-1.01953
-8.60536;-1.05007
-8.60496;-1.06951
-8.62104;-1.10007
-8.62875;-1.13076
-8.63649;-1.1504
-8.64433;-1.18111
-8.65287;-1.20058
-8.66129;-1.23124
-8.67769;-1.26194
-8.68569;-1.2817
-8.6939;-1.31249
-8.69373;-1.34341
-8.70157;-1.36323
-8.70991;-1.39411
-8.71839;-1.42499
-8.72669;-1.44485
-8.7352;-1.47585
-8.74395;-1.50683
-8.75215;-1.52689
-8.76024;-1.55808
-8.76826;-1.58932
-8.77639;-1.60942
-8.78447;-1.64072
-8.78451;-1.672
-8.79229;-1.69238
-8.80019;-1.72393
-8.80837;-1.75536
-8.81649;-1.77573
-8.81672;-1.80715
-8.82509;-1.83865
-8.83343;-1.85909
-8.83363;-1.89072
-8.84192;-1.9224
-8.85006;-1.94304
-8.85006;-1.97473
-8.85804;-2.0064
-8.85816;-2.02694
-8.86684;-2.0586
-8.87566;-2.07922
-8.87625;-2.11101
-8.88473;-2.14287
-8.88469;-2.16377
-8.88499;-2.19572
-8.89358;-2.22773
-8.8939;-2.24865
-8.89418;-2.28067
-8.90267;-2.30161
-8.9031;-2.33378
-8.91133;-2.36599
-8.91148;-2.38716
-8.9115;-2.41936
-8.91172;-2.45157
-8.91206;-2.47265
-8.92053;-2.50488
-8.92093;-2.52617
-8.92157;-2.55858
-8.93032;-2.59117
-8.93089;-2.61274
-8.93168;-2.6454
-8.93217;-2.67812
-8.9323;-2.6997
-8.92456;-2.73237
-8.93327;-2.75392
-8.93382;-2.78674
-8.93433;-2.81965
-8.93493;-2.84154
-8.93588;-2.87451
-8.93664;-2.90753
-8.93736;-2.92944
-8.93788;-2.96247
-8.93819;-2.99544
-8.9387;-3.01734
-8.93954;-3.05052
-8.94058;-3.07268
-8.93355;-3.10603
-8.93428;-3.13938
-8.93482;-3.16166
-8.9352;-3.19505
-8.9359;-3.22856
-8.93679;-3.25097
-8.93724;-3.28447
-8.9296;-3.30682
-8.93015;-3.34031
-8.93114;-3.37382
-8.93235;-3.39635
-8.92487;-3.42998
-8.9257;-3.45258
-8.92699;-3.48641
-8.92811;-3.52023
-8.92044;-3.54294
-8.92105;-3.57677
-8.92168;-3.59944
-8.91416;-3.63326
-8.90663;-3.65605
-8.90711;-3.68998
-8.90766;-3.71285
-8.90011;-3.74687
-8.90076;-3.78089
-8.8933;-3.80385
-8.89423;-3.83803
-8.88696;-3.86114
-8.88726;-3.89533
-8.87939;-3.91844
-8.87977;-3.94156
-8.87229;-3.97587
-8.87268;-3.99903
-8.86512;-4.03346
-8.85775;-4.05684
-8.85829;-4.09134
-8.85044;-4.11472
-8.8505;-4.14927
-8.84305;-4.17289
-8.8359;-4.19664
-8.82829;-4.23143
-8.82872;-4.25512
-8.82092;-4.27889
-8.81298;-4.31377
-8.81337;-4.33767
-8.80562;-4.36161
-8.79804;-4.39668
-8.79064;-4.42073
-8.79092;-4.44463
-8.78287;-4.47969
-8.77494;-4.50374
-8.77503;-4.52781
-8.76677;-4.55182
-8.75858;-4.58699
-8.75028;-4.61106
-8.742;-4.63517
-8.74158;-4.65926
-8.73317;-4.69447
-8.72468;-4.71859
-8.71637;-4.74275
-8.71636;-4.76699
-8.70865;-4.79147
-8.70055;-4.82704
-8.69254;-4.85157
-8.68459;-4.87614
-8.67648;-4.90076
-8.66831;-4.92531
-8.6602;-4.96103
-8.652;-4.98561
-8.64376;-5.0103
-8.63552;-5.03498
-8.62694;-5.05969
-8.61801;-5.08422
-8.60922;-5.1199
-8.6006;-5.14455
-8.59217;-5.16931
-8.58397;-5.19428
-8.57573;-5.21923
-8.56705;-5.24415
-8.55811;-5.26887
-8.54096;-5.29365
-8.53194;-5.31837
-8.52278;-5.34303
-8.51321;-5.37858
-8.5037;-5.40316
-8.49439;-5.42785
-8.48513;-5.45268
-8.47593;-5.47756
-8.4671;-5.50267
-8.44996;-5.52774
-8.44062;-5.55275
-8.43164;-5.5779
-8.42248;-5.60301
-8.41314;-5.62812
-8.40399;-5.65339
-8.38669;-5.67864
-8.37727;-5.70385
-8.36769;-5.72904
-8.34994;-5.75418
-8.34035;-5.77932
-8.33073;-5.80444
-8.3205;-5.82931
-8.31017;-5.8542
-8.29175;-5.89024
-8.28142;-5.91523
-8.27086;-5.94008
-8.26032;-5.96497
-8.24193;-5.99001
-8.23161;-6.01519
-8.22109;-6.0403
-8.21035;-6.06536
-8.19145;-6.09039
-8.18091;-6.11561
-8.17022;-6.14072
-8.15118;-6.1656
-8.14046;-6.19051
-8.12975;-6.22661
-8.11069;-6.25154
-8.09936;-6.26518
-8.0881;-6.29013
-8.0689;-6.31515
-8.05768;-6.35121
-8.04616;-6.37599
-8.02686;-6.40091
-8.01587;-6.42596
-8.00448;-6.45085
-7.98483;-6.47565
-7.97319;-6.50034
-7.96162;-6.52509
-7.94184;-6.54968
-7.92998;-6.57425
-7.91811;-6.59883
-7.89827;-6.62352
-7.88655;-6.64822
-7.87455;-6.67272
-7.85428;-6.69725
-7.84221;-6.72184
-7.83037;-6.73542
-7.81025;-6.76013
-7.79848;-6.78493
-7.77848;-6.80975
-7.7662;-6.83433
-7.75392;-6.85896
-7.74157;-6.88363
-7.7211;-6.9083
-7.70903;-6.93311
-7.69699;-6.95795
-7.67637;-6.98252
-7.66352;-7.00693
-7.6507;-7.03137
-7.63787;-7.05581
-7.61667;-7.08006
-7.60338;-7.10422
-7.59004;-7.12832
-7.56862;-7.1525
-7.55559;-7.1769
-7.54219;-7.20107
-7.52872;-7.214
-7.50733;-7.23818
-7.49406;-7.26237
-7.48084;-7.28664
-7.45954;-7.31085
-7.4461;-7.33495
-7.43261;-7.35897
-7.41091;-7.38298
-7.39721;-7.40692
-7.38354;-7.43093
-7.36215;-7.45528
-7.3489;-7.47965
-7.32721;-7.50375
-7.31384;-7.52796
-7.30035;-7.54097
-7.27905;-7.56527
-7.26551;-7.58928
-7.25168;-7.61308
-7.2298;-7.63705
-7.21585;-7.66089
-7.20207;-7.68485
-7.18005;-7.70873
-7.1661;-7.73258
-7.15202;-7.74513
-7.13004;-7.76886
-7.11599;-7.79251
-7.10197;-7.81613
-7.08009;-7.83999
-7.06628;-7.86382
-7.05242;-7.88777
-7.03843;-7.91158
-7.01608;-7.93518
-7.00164;-7.95862
-6.98731;-7.97103
-6.96465;-7.99446
-6.95013;-8.0179
-6.9355;-8.04136
-6.91286;-8.06492
-6.89832;-8.0885
-6.88391;-8.11224
-6.86939;-8.1358
-6.85513;-8.15955
-6.83268;-8.18326
-6.81804;-8.20674
-6.8033;-8.23009
-6.78838;-8.25336
-6.77348;-8.2766
-6.7504;-8.28868
-6.73523;-8.31162
-6.71978;-8.33434
-6.7046;-8.35721
-6.68933;-8.38006
-6.67388;-8.40279
-6.65076;-8.42601
-6.63578;-8.44925
-6.62077;-8.47252
-6.60542;-8.49547
-6.5819;-8.51835
-6.56648;-8.54119
-6.55127;-8.56421
-6.53581;-8.57587
-6.51229;-8.5987
-6.49663;-8.62132
-6.48114;-8.64407
-6.45719;-8.66646
-6.44138;-8.68892
-6.42581;-8.7116
-6.4104;-8.73447
-6.39491;-8.74627
-6.3794;-8.76916
-6.35575;-8.79205
-6.34011;-8.81474
-6.32421;-8.83712
-6.30836;-8.85955
-6.29262;-8.88205
-6.26928;-8.90503
-6.25387;-8.92795
-6.23817;-8.95065
-6.22225;-8.97322
-6.20617;-8.98452
-6.19013;-9.00695
-6.16597;-9.02943
-6.14962;-9.05162
-6.13345;-9.07395
-6.11732;-9.09627
-6.10143;-9.11871
-6.07733;-9.14119
-6.06134;-9.16355
-6.04577;-9.18625
-6.0302;-9.20895
-6.01447;-9.23147
-5.99879;-9.25413
-5.97497;-9.27683
-5.95911;-9.29946
-5.94315;-9.32196
-5.9268;-9.3442
-5.91031;-9.36637
-5.89384;-9.37741
-5.87721;-9.39933
-5.85237;-9.42107
-5.83564;-9.44265
-5.81915;-9.46447
-5.79492;-9.48664
-5.77879;-9.50895
-5.76245;-9.53109
-5.74596;-9.55322
-5.72967;-9.57535
-5.71353;-9.5976
-5.69724;-9.61968
-5.68098;-9.64178
-5.65657;-9.66392
-5.64023;-9.68607
-5.62387;-9.70824
-5.60744;-9.73031
-5.59101;-9.75234
-5.57474;-9.77449
-5.55013;-9.79646
-5.53372;-9.81845
-5.51719;-9.84039
-5.50114;-9.85161
-5.48476;-9.87367
-5.46841;-9.90686
-5.45231;-9.92919
-5.4363;-9.9516
-5.42025;-9.97407
-5.40411;-9.99653
-5.37981;-10.0189
-5.36352;-10.0412
-5.34712;-10.0632
-5.33068;-10.0852
-5.31455;-10.1075
-5.29827;-10.1186
-5.28185;-10.1518
-5.26543;-10.174
-5.24916;-10.1962
-5.22489;-10.2186
-5.20874;-10.2408
-5.19252;-10.263
-5.1763;-10.2852
-5.16008;-10.3074
-5.14371;-10.3295
-5.12726;-10.3515
-5.11081;-10.3736
-5.08645;-10.3959
-5.06999;-10.4179
-5.05351;-10.44
-5.0373;-10.4623
-5.02141;-10.4849
-4.99739;-10.5075
-4.98124;-10.5298
-4.96496;-10.5521
-4.94883;-10.5745
-4.93286;-10.5969
-4.90871;-10.6193
-4.89254;-10.6416
-4.8763;-10.6639
-4.85995;-10.6861
-4.8435;-10.7082
-4.81883;-10.7303
-4.80232;-10.7523
-4.78603;-10.7745
-4.76994;-10.7968
-4.75364;-10.819
-4.72895;-10.841
-4.71262;-10.8633
-4.69639;-10.8857
-4.68019;-10.9081
-4.66397;-10.9414
-4.63987;-10.9637
-4.62411;-10.9862
-4.60817;-11.0086
-4.59201;-11.0309
-4.57583;-11.0531
-4.55158;-11.0754
-4.53543;-11.0978
-4.51913;-11.12
-4.50305;-11.1424
-4.48678;-11.1647
-4.46271;-11.1871
-4.44634;-11.2092
-4.43019;-11.2315
-4.41371;-11.2535
-4.39741;-11.2757
-4.3808;-11.2976
-4.36431;-11.3195
-4.33953;-11.3412
-4.32312;-11.3631
-4.30677;-11.385
-4.29061;-11.4072
-4.27434;-11.4294
-4.25795;-11.4515
-4.23357;-11.485
-4.21745;-11.5073
-4.20153;-11.5298
-4.18567;-11.5524
-4.16965;-11.5748
-4.14553;-11.5973
-4.12949;-11.6198
-4.11324;-11.6421
-4.09678;-11.6643
-4.08036;-11.6864
-4.06408;-11.7086
-4.04756;-11.7305
-4.03098;-11.7522
-4.01444;-11.7741
-3.98996;-11.7961
-3.97402;-11.8186
-3.95827;-11.8411
-3.94225;-11.8635
-3.92637;-11.886
-3.91022;-11.9082
-3.8942;-11.9306
-3.87806;-11.9528
-3.8536;-11.9749
-3.83709;-11.9967
-3.82059;-12.0186
-3.80408;-12.0406
-3.7875;-12.0625
-3.77114;-12.0846
-3.75491;-12.1069
-3.73888;-12.1293
-3.72314;-12.163
-3.70734;-12.1856
-3.69138;-12.208
-3.66715;-12.2303
-3.65102;-12.2526
-3.63494;-12.275
-3.6184;-12.2971
-3.60184;-12.3191
-3.58494;-12.341
-3.55982;-12.3628
-3.54284;-12.3845
-3.5262;-12.4065
-3.50961;-12.4284
-3.49323;-12.4505
-3.46891;-12.4727
-3.4527;-12.495
-3.43665;-12.5286
-3.4206;-12.5512
-3.40446;-12.5736
-3.38828;-12.5959
-3.36414;-12.6183
-3.34802;-12.6406
-3.33187;-12.6629
-3.31532;-12.6849
-3.29047;-12.7067
-3.27414;-12.7289
-3.25806;-12.7513
-3.2417;-12.7733
-3.22515;-12.7953
-3.20865;-12.8173
-3.19225;-12.8505
-3.17585;-12.8726
-3.1514;-12.8949
-3.13535;-12.9173
-3.11929;-12.9397
-3.10335;-12.9622
-3.08729;-12.9846
-3.07113;-13.0068
-3.04674;-13.0291
-3.03054;-13.0514
-3.01433;-13.0737
-2.9981;-13.1071
-2.98181;-13.1294
-2.95721;-13.1515
-2.94075;-13.1736
-2.92453;-13.1959
-2.90831;-13.2181
-2.88411;-13.2404
-2.86814;-13.2627
-2.85217;-13.2851
-2.83589;-13.3073
-2.81146;-13.3295
-2.79537;-13.3518
-2.77905;-13.3741
-2.76275;-13.4074
-2.73854;-13.4297
-2.72227;-13.4518
-2.70545;-13.4736
-2.68883;-13.4954
-2.67231;-13.5174
-2.64757;-13.5394
-2.6309;-13.5612
-2.61454;-13.5834
-2.59833;-13.6056
-2.5739;-13.6278
-2.55753;-13.6611
-2.54122;-13.6832
-2.52506;-13.7055
-2.50923;-13.728
-2.48519;-13.7504
-2.46895;-13.7726
-2.45282;-13.7949
-2.43662;-13.8173
-2.41235;-13.8397
-2.39627;-13.8621
-2.37991;-13.8843
-2.36373;-13.9066
-2.33928;-13.9399
-2.32299;-13.9621
-2.30663;-13.9843
-2.29024;-14.0064
-2.26546;-14.0284
-2.24888;-14.0505
-2.23243;-14.0727
-2.21617;-14.0949
-2.20008;-14.1173
-2.17577;-14.1395
-2.15967;-14.173
-2.14374;-14.1955
-2.12772;-14.2179
-2.10327;-14.2401
-2.08691;-14.2623
-2.0704;-14.2843
-2.05403;-14.3065
-2.02952;-14.3286
-2.01308;-14.3506
-1.99665;-14.3726
-1.98059;-14.395
-1.96432;-14.4172
-1.94008;-14.4394
-1.9238;-14.4616
-1.90758;-14.4838
-1.88334;-14.5061
-1.86716;-14.5395
-1.85099;-14.5618
-1.83451;-14.5839
-1.8182;-14.6061
-1.7935;-14.628
-1.77711;-14.6502
-1.7609;-14.6724
-1.74471;-14.6947
-1.72018;-14.7168
-1.70382;-14.739
-1.68777;-14.7615
-1.67173;-14.784
-1.65565;-14.8064
-1.63104;-14.8285
-1.61452;-14.8506
-1.59829;-14.8729
-1.5823;-14.8953
-1.55761;-14.9174
-1.54098;-14.9504
-1.52462;-14.9726
-1.50829;-14.9947
-1.49181;-15.0168
-1.46712;-15.0388
-1.45068;-15.0609
-1.43415;-15.0829
-1.41776;-15.1049
-1.40161;-15.1271
-1.37751;-15.1493
-1.36149;-15.1715
-1.34553;-15.2048
-1.32958;-15.2271
-1.31366;-15.2495
-1.28961;-15.272
-1.27385;-15.2947
-1.25762;-15.317
-1.24114;-15.3391
-1.22445;-15.361
-1.19966;-15.3829
-1.18286;-15.4046
-1.15809;-15.4264
-1.14142;-15.4594
-1.12493;-15.4814
-1.10835;-15.5033
-1.08384;-15.5256
-1.08356;-15.5255
-1.05117;-15.5701
-1.03493;-15.5923
-1.01065;-15.6146
-0.994688;-15.637
-0.978733;-15.6706
-0.954512;-15.693
-0.938385;-15.7154
-0.922035;-15.7377
-0.897643;-15.7599
-0.88107;-15.7819
-0.864883;-15.8042
-0.848874;-15.8264
-0.824526;-15.8486
-0.808477;-15.8819
-0.792338;-15.9041
-0.776022;-15.9262
-0.75958;-15.9482
-0.735359;-15.9705
-0.719172;-15.9927
-0.702833;-16.0148
-0.686336;-16.0367
-0.661894;-16.0587
-0.645696;-16.0918
-0.629465;-16.1139
-0.613415;-16.1361
-0.589059;-16.1582
-0.572863;-16.1804
-0.55685;-16.2027
-0.54075;-16.225
-0.51625;-16.247
-0.500118;-16.2693
-0.483896;-16.3026
-0.467458;-16.3247
-0.442841;-16.3467
-0.426289;-16.3688
-0.409985;-16.3911
-0.393899;-16.4135
-0.369708;-16.436
-0.353602;-16.4583
-0.337305;-16.4804
-0.32067;-16.5023
-0.295719;-16.5352
-0.278681;-16.5569
-0.262101;-16.5788
-0.237652;-16.6011
-0.221599;-16.6235
-0.205369;-16.6458
-0.189532;-16.6684
-0.165324;-16.6908
-0.149264;-16.7132
-0.13302;-16.7354
-0.1168;-16.7576
-0.0923143;-16.7908
-0.0761093;-16.8131
-0.0597848;-16.8353
-0.0353703;-16.8576
-0.0190065;-16.8797
-0.00278729;-16.9019
0.0133745;-16.9241
0.0376585;-16.9462
0.0540296;-16.9794
0.070458;-17.0015
0.0868219;-17.0236
0.103154;-17.0458
0.12764;-17.0679
0.143986;-17.0899
0.160115;-17.1232
0.176151;-17.1456
0.200646;-17.1677
0.216983;-17.1899
0.233337;-17.2123
0.257652;-17.2348
0.273641;-17.2572
0.289724;-17.2907
0.305846;-17.3129
0.330581;-17.3349
0.347258;-17.3568
0.363834;-17.3788
0.380338;-17.401
0.405065;-17.423
0.421407;-17.4562
0.437546;-17.4784
0.454014;-17.5004
0.478509;-17.5225
0.494908;-17.5447
0.511138;-17.567
0.527087;-17.5896
0.55126;-17.612
0.567567;-17.6452
0.583865;-17.6672
0.60026;-17.6892
0.62477;-17.7112
0.640909;-17.7334
0.657066;-17.7556
0.673039;-17.7781
0.697164;-17.8004
0.713045;-17.8228
0.729077;-17.8562
0.745461;-17.8781
0.769999;-17.9
0.786465;-17.922
0.802804;-17.944
0.819353;-17.966
0.835654;-17.9883
0.860479;-18.0102
0.8767;-18.0324
0.892865;-18.0657
0.908837;-18.0882
0.932995;-18.1105
0.949062;-18.1328
0.965227;-18.155
0.981416;-18.1773
1.00596;-18.1994
1.02236;-18.2215
1.03873;-18.2436
1.055;-18.2769
1.07135;-18.2991
1.09561;-18.3213
1.11177;-18.3435
1.12806;-18.3656
1.14414;-18.3878
1.16023;-18.4102
1.18454;-18.4324
1.20061;-18.4546
1.21682;-18.4768
1.23302;-18.4989
1.24918;-18.5322
1.27358;-18.5543
1.29016;-18.5762
1.30649;-18.5983
1.33073;-18.6207
1.34712;-18.6429
1.36351;-18.6652
1.37945;-18.6876
1.3956;-18.7099
1.41969;-18.7323
1.43602;-18.7656
1.4524;-18.7879
1.46879;-18.8101
1.48516;-18.8324
1.50979;-18.8546
1.52624;-18.8768
1.54242;-18.899
1.55847;-18.9214
1.57461;-18.9437
1.59921;-18.9658
1.61591;-18.9877
1.63258;-19.0208
1.64909;-19.043
1.6653;-19.0653
1.68953;-19.0878
1.7055;-19.1102
1.72129;-19.1327
1.73747;-19.1549
1.76197;-19.177
1.77834;-19.2102
1.79465;-19.2324
1.81092;-19.2547
1.83507;-19.277
1.8514;-19.2992
1.86755;-19.3215
1.88387;-19.3437
1.90846;-19.3656
1.92509;-19.3875
1.9414;-19.4207
1.95749;-19.4431
1.98171;-19.4653
1.99796;-19.4874
2.01397;-19.5097
2.03822;-19.532
2.05449;-19.5542
2.07073;-19.5766
2.08716;-19.5987
2.11145;-19.6321
2.12749;-19.6544
2.14344;-19.6768
2.16739;-19.6992
2.1834;-19.7215
2.19956;-19.7437
2.21563;-19.766
2.24005;-19.7882
2.25651;-19.8104
2.27284;-19.8437
2.28931;-19.8657
2.30572;-19.8877
2.33034;-19.9098
2.34674;-19.9319
2.36321;-19.9541
2.37955;-19.9764
2.4038;-19.9989
2.42012;-20.0211
2.43641;-20.0434
2.46128;-20.0766
2.47742;-20.099
2.49359;-20.1216
2.51766;-20.1442
2.53369;-20.1668
2.54958;-20.1893
2.5655;-20.2118
2.58905;-20.2458
2.60481;-20.2684
2.62044;-20.2911
2.64462;-20.3136
2.65258;-20.336
2.67686;-20.3584
2.69292;-20.3919
2.70913;-20.4141
2.7332;-20.4365
2.74912;-20.4588
2.76521;-20.481
2.78934;-20.5033
2.80541;-20.5256
2.82133;-20.548
2.83717;-20.5706
2.85274;-20.5933
2.87641;-20.616
2.89217;-20.6496
2.90821;-20.672
2.93205;-20.6947
2.94774;-20.7175
2.96338;-20.7403
2.98723;-20.7628
3.00288;-20.7855
3.01856;-20.8081
3.04253;-20.8306
3.05842;-20.8532
3.07414;-20.8759
3.09789;-20.8988
3.11369;-20.9216
3.12936;-20.9444
3.15303;-20.9673
3.16847;-21.0013
3.1918;-21.0243
3.2068;-21.0477
3.22195;-21.0708
3.24541;-21.0939
3.26075;-21.1169
3.27585;-21.1402
3.29876;-21.1636
3.31356;-21.1869
3.33672;-21.2101
3.35207;-21.233
3.36745;-21.2559
3.39087;-21.2789
3.4061;-21.302
3.42943;-21.325
3.44451;-21.3481
3.46739;-21.3715
3.48217;-21.3949
3.50499;-21.4184
3.51978;-21.4307
3.53439;-21.4542
3.5571;-21.4776
3.57128;-21.5015
3.59387;-21.5251
3.61636;-21.5489
3.63065;-21.5728
3.65302;-21.5967
3.66726;-21.6206
3.68944;-21.6334
3.7035;-21.6574
3.7259;-21.6813
3.73985;-21.7053
3.76203;-21.7293
3.77616;-21.7533
3.79818;-21.7774
3.82035;-21.7904
3.83449;-21.8143
3.85668;-21.8383
3.87065;-21.8624
3.89291;-21.8865
3.90706;-21.8994
3.92927;-21.9234
3.94343;-21.9474
3.9654;-21.9716
3.98751;-21.9957
4.00144;-22.0088
4.02341;-22.0332
4.03706;-22.0578
4.05907;-22.0821
4.08098;-22.0954
4.09477;-22.1198
4.11683;-22.144
4.13053;-22.1684
4.15236;-22.1817
4.17419;-22.2061
4.18801;-22.2304
4.21018;-22.2545
4.22426;-22.2675
4.24639;-22.2917
4.26861;-22.3158
4.28277;-22.3288
4.30488;-22.3529
4.32682;-22.3774
4.34039;-22.391
4.36198;-22.4157
4.38359;-22.4404
4.39715;-22.4541
4.41883;-22.4788
4.44072;-22.5035
4.4625;-22.5171
4.47647;-22.5415
4.49829;-22.5552
4.52011;-22.5799
4.54188;-22.6047
4.55567;-22.6182
4.57775;-22.6427
4.59982;-22.6671
4.61366;-22.6804
4.63579;-22.7047
4.65782;-22.7291
4.67979;-22.7425
4.69329;-22.7674
4.71487;-22.7814
4.7364;-22.8065
4.74984;-22.8314
4.77144;-22.8453
4.79301;-22.8703
4.81435;-22.8844
4.82749;-22.9096
4.84888;-22.9235
4.87046;-22.9483
4.89231;-22.9618
4.91443;-22.9749
4.9369;-22.9989
4.95911;-23.0122
4.98124;-23.0367
5.00307;-23.0505
5.02466;-23.0757
5.03792;-23.0898
5.05926;-23.1151
5.08062;-23.1294
5.10192;-23.1549
5.12315;-23.1694
5.13634;-23.1949
5.15783;-23.2092
5.17953;-23.2344
5.2012;-23.2485
5.22308;-23.2623
5.24482;-23.2873
5.26659;-23.3014
5.28826;-23.3266
5.30983;-23.341
5.32319;-23.3554
5.34489;-23.3808
5.36639;-23.3952
5.38813;-23.4204
5.40965;-23.4347
5.43094;-23.4492
5.45207;-23.464
5.47329;-23.4896
5.48662;-23.504
5.50799;-23.5186
5.52935;-23.5443
5.55075;-23.5588
5.57199;-23.5735
5.59338;-23.5881
5.61481;-23.6138
5.6365;-23.6281
5.65808;-23.6427
5.6798;-23.6572
5.70149;-23.6828
5.72307;-23.6975
5.74497;-23.7118
5.76684;-23.726
5.78874;-23.7401
5.8106;-23.7541
5.83246;-23.7792
5.84611;-23.7933
5.86779;-23.8075
5.88919;-23.8221
5.91053;-23.8368
5.9318;-23.8517
5.95331;-23.8776
5.9749;-23.8922
5.99645;-23.9069
6.01807;-23.9215
6.03973;-23.9361
6.06136;-23.9506
6.08294;-23.9653
6.10457;-23.991
6.12615;-24.0058
6.14758;-24.0096
6.16903;-24.0357
6.19049;-24.0508
6.21196;-24.0659
6.23358;-24.0809
6.25535;-24.0958
6.27726;-24.1104
6.29909;-24.125
6.32108;-24.1396
6.35113;-24.1541
6.37303;-24.1688
6.3949;-24.1835
6.41673;-24.1982
6.4385;-24.2131
6.46015;-24.2283
6.48184;-24.2434
6.50361;-24.2582
6.52522;-24.2733
6.54683;-24.2884
6.56862;-24.3033
6.59035;-24.3185
6.62023;-24.3336
6.64199;-24.3486
6.66372;-24.3638
6.68543;-24.379
6.70715;-24.3941
6.72917;-24.409
6.75106;-24.4239
6.78107;-24.439
6.80314;-24.4539
6.82511;-24.4688
6.84713;-24.4838
6.87716;-24.4878
6.8992;-24.5028
6.92121;-24.5179
6.94328;-24.533
6.97348;-24.5481
6.99538;-24.5634
7.01747;-24.5783
7.03958;-24.593
7.06972;-24.6079
7.09178;-24.6226
7.11382;-24.6375
7.13581;-24.6525
7.16595;-24.6563
7.18792;-24.6714
7.20979;-24.6868
7.23163;-24.7022
7.26168;-24.7174
7.28369;-24.7323
7.30556;-24.7476
7.33562;-24.7628
7.35752;-24.767
7.37956;-24.7822
7.40966;-24.7975
7.43158;-24.813
7.45348;-24.8285
7.48351;-24.833
7.5056;-24.8482
7.52765;-24.8637
7.55779;-24.8792
7.58002;-24.8945
7.61031;-24.8988
7.63262;-24.9138
7.6549;-24.9288
7.68524;-24.9438
7.70742;-24.9589
7.72962;-24.9629
7.75999;-24.9781
7.78222;-24.9933
7.80437;-24.9977
7.8347;-25.0131
7.8568;-25.0286
7.88715;-25.044
7.9093;-25.0485
7.9316;-25.0638
7.96212;-25.0789
7.98459;-25.0827
8.01533;-25.0974
8.03785;-25.1122
8.06849;-25.116
8.09096;-25.1312
8.12151;-25.1465
8.14393;-25.1509
8.16619;-25.1666
8.19659;-25.1824
8.21886;-25.187
8.24935;-25.2025
8.27988;-25.2181
8.30221;-25.2228
8.33263;-25.2389
8.35503;-25.2437
8.38554;-25.2596
8.40791;-25.2643
8.43834;-25.2802
8.46062;-25.296
8.49103;-25.3007
8.52173;-25.3159
8.54419;-25.3315
8.57464;-25.3365
8.59704;-25.3526
8.62778;-25.3572
8.65863;-25.3726
8.68137;-25.3879
8.7121;-25.3923
8.74274;-25.408
8.7653;-25.4126
8.79587;-25.4285
8.82651;-25.4332
8.85735;-25.4486
8.88007;-25.4531
8.91084;-25.4688
8.94149;-25.4736
8.96395;-25.4896
8.99449;-25.4948
9.02496;-25.5111
9.0556;-25.5161
9.08632;-25.5321
9.10893;-25.5372
9.13963;-25.5536
9.1703;-25.5589
9.20093;-25.5643
9.23149;-25.5698
9.26232;-25.5856
9.29309;-25.5903
9.31586;-25.6058
9.34666;-25.6106
9.37749;-25.6267
9.40831;-25.6318
9.43922;-25.6478
9.46214;-25.6524
9.49321;-25.6567
9.52426;-25.6722
9.55518;-25.6769
9.58603;-25.6818
9.61697;-25.6976
9.63986;-25.7022
9.67086;-25.7182
9.70197;-25.7232
9.73313;-25.728
9.76428;-25.7327
9.78737;-25.7482
9.81847;-25.7528
9.84956;-25.7575
9.88059;-25.7737
9.91173;-25.7786
9.94294;-25.7835
9.97431;-25.7994
9.99753;-25.8041
10.029;-25.8086
10.0605;-25.8242
10.0921;-25.8281
10.1236;-25.8323
10.1552;-25.8362
10.1866;-25.8515
10.2099;-25.8562
10.2413;-25.8606
10.2727;-25.8651
10.3042;-25.8804
10.3357;-25.8846
10.3673;-25.8888
10.399;-25.8928
10.4223;-25.9083
10.4538;-25.9129
10.4852;-25.9177
10.5166;-25.9222
10.5481;-25.9374
10.5797;-25.9412
10.6113;-25.945
10.6348;-25.9489
10.6664;-25.9645
10.698;-25.9686
10.7297;-25.9725
10.7615;-25.976
10.7933;-25.9904
10.817;-25.9938
10.8489;-25.9975
10.8807;-26.0012
10.9125;-26.0159
10.9443;-26.0194
10.9762;-26.0229
10.9999;-26.0267
11.0318;-26.0301
11.0638;-26.0333
11.0958;-26.0478
11.1277;-26.0511
11.1596;-26.0545
11.1834;-26.0579
11.2152;-26.0618
11.247;-26.0766
11.2789;-26.0799
11.3109;-26.0834
11.3347;-26.0871
11.3667;-26.0903
11.3987;-26.1046
11.4308;-26.1074
11.4628;-26.1101
11.4948;-26.113
11.5187;-26.1159
11.5508;-26.1184
11.5828;-26.1323
11.6067;-26.1352
11.6387;-26.1382
11.6708;-26.1413
11.7029;-26.1556
11.7268;-26.1585
11.7589;-26.161
11.791;-26.164
11.823;-26.1671
11.8467;-26.1814
11.8784;-26.1849
11.9102;-26.188
11.9421;-26.1907
11.9659;-26.1932
11.998;-26.1959
12.0302;-26.1988
12.0624;-26.2016
12.0945;-26.2157
12.1184;-26.2187
12.1503;-26.2216
12.1823;-26.224
12.2062;-26.2262
12.2383;-26.2284
12.2706;-26.2423
12.3029;-26.2455
12.3351;-26.2486
12.3592;-26.2516
12.3913;-26.2546
12.4234;-26.2577
12.4554;-26.2608
12.4794;-26.2633
12.5117;-26.2655
12.5441;-26.2679
12.5765;-26.2818
12.6007;-26.2841
12.6331;-26.2862
12.6652;-26.2881
12.6973;-26.2901
12.7212;-26.2926
12.7534;-26.2952
12.7857;-26.2974
12.8181;-26.2993
12.8507;-26.3007
12.8751;-26.3017
12.9076;-26.3141
12.9399;-26.3159
12.9723;-26.318
13.0046;-26.3202
13.0369;-26.3228
13.0692;-26.3251
13.1016;-26.3276
13.1259;-26.3305
13.1583;-26.3333
13.1907;-26.3362
13.223;-26.3392
13.2473;-26.3421
13.2796;-26.3446
13.3119;-26.3578
13.3442;-26.3598
13.3765;-26.3614
13.4006;-26.3634
13.433;-26.3652
13.4654;-26.3672
13.4977;-26.3698
13.5218;-26.3725
13.5538;-26.3753
13.5858;-26.3775
13.6177;-26.3798
13.6416;-26.3822
13.6738;-26.3843
13.706;-26.3864
13.7301;-26.3887
13.7624;-26.3912
13.7946;-26.3935
13.8186;-26.3957
13.8508;-26.3977
13.8829;-26.3999
13.9151;-26.4016
13.9394;-26.4033
13.9718;-26.4054
14.0042;-26.4077
14.0285;-26.4099
14.0611;-26.4114
14.0936;-26.413
14.1261;-26.4148
14.1585;-26.4167
14.1829;-26.4185
14.2154;-26.4205
14.2479;-26.4226
14.2803;-26.4247
14.3047;-26.4269
14.3372;-26.4291
14.3698;-26.4311
14.3942;-26.4331
14.4266;-26.4354
14.4589;-26.4375
14.4831;-26.4392
14.5154;-26.4412
14.5476;-26.4436
14.5718;-26.4461
14.6041;-26.4484
14.6283;-26.4509
14.6606;-26.4534
14.693;-26.456
14.7254;-26.4471
14.7498;-26.4496
14.7822;-26.452
14.8146;-26.4541
14.839;-26.4562
14.8715;-26.4582
14.904;-26.4602
14.9365;-26.4623
14.969;-26.4642
14.9932;-26.4664
15.0257;-26.4686
15.0581;-26.4598
15.0906;-26.4617
15.115;-26.4632
15.1476;-26.4647
15.1802;-26.4662
15.2128;-26.4679
15.2454;-26.4585
15.2698;-26.4606
15.3023;-26.4632
15.3347;-26.4658
15.367;-26.4683
15.3912;-26.471
15.4237;-26.4737
15.4561;-26.4649
15.4885;-26.4668
15.5129;-26.4689
15.5455;-26.4712
15.5779;-26.4622
15.6103;-26.4644
15.6345;-26.4664
15.667;-26.4683
15.6994;-26.4702
15.7318;-26.4609
15.7563;-26.4631
15.7888;-26.4652
15.8212;-26.4672
15.8536;-26.4581
15.8777;-26.46
15.9101;-26.4621
15.9423;-26.4643
15.9746;-26.4663
15.9988;-26.4682
16.0312;-26.4595
16.0637;-26.4618
16.0881;-26.4639
16.1206;-26.4659
16.1531;-26.4566
16.1855;-26.4583
16.2099;-26.4601
16.2425;-26.4507
16.2751;-26.4532
16.3078;-26.4556
16.3323;-26.4581
16.365;-26.4487
16.3975;-26.4503
16.4218;-26.4522
16.4543;-26.4544
16.4869;-26.4572
16.5195;-26.4485
16.544;-26.4511
16.5766;-26.4533
16.6091;-26.4439
16.6335;-26.4457
16.6661;-26.4477
16.6988;-26.45
16.7314;-26.4411
16.7559;-26.4431
16.7885;-26.445
16.8212;-26.436
16.8456;-26.4387
16.8782;-26.4412
16.9107;-26.4323
16.935;-26.4342
16.9675;-26.4365
17.0001;-26.4273
17.0327;-26.4288
17.0572;-26.4304
17.0899;-26.4213
17.1226;-26.4235
17.1472;-26.4257
17.1799;-26.417
17.2125;-26.4192
17.237;-26.4217
17.2696;-26.4132
17.3022;-26.4159
17.3268;-26.4185
17.3595;-26.4095
17.3922;-26.4115
17.4249;-26.4129
17.4495;-26.4031
17.4822;-26.4049
17.515;-26.4069
17.5477;-26.3974
17.5723;-26.3987
17.6051;-26.4006
17.6378;-26.3919
17.6624;-26.3942
17.6949;-26.3967
17.7275;-26.3884
17.7519;-26.3913
17.7845;-26.3827
17.817;-26.3848
17.8416;-26.3867
17.8742;-26.3777
17.9068;-26.38
17.9313;-26.3713
17.964;-26.3742
17.9967;-26.366
18.0295;-26.3686
18.0541;-26.36
18.0868;-26.3624
18.1196;-26.3538
18.1522;-26.3558
18.1767;-26.3578
18.2094;-26.3491
18.2422;-26.3404
18.2667;-26.343
18.2995;-26.3458
18.3323;-26.3373
18.365;-26.3401
18.3896;-26.3316
18.4224;-26.3342
18.4552;-26.3258
18.4881;-26.3174
18.513;-26.3203
18.5459;-26.3124
18.5788;-26.3043
18.6034;-26.3074
18.6362;-26.2995
18.669;-26.303
18.6938;-26.2953
18.7269;-26.2877
18.76;-26.2912
18.793;-26.2835
18.8178;-26.2752
18.8507;-26.2782
18.8837;-26.2702
18.9085;-26.2737
18.9415;-26.2659
18.9745;-26.2582
19.0074;-26.2613
19.0323;-26.2534
19.0653;-26.2453
19.0985;-26.2373
19.1235;-26.2408
19.1567;-26.2333
19.1897;-26.2259
19.2228;-26.2294
19.2477;-26.2222
19.281;-26.2156
19.3142;-26.2196
19.3393;-26.2123
19.3725;-26.2048
19.4056;-26.1968
19.4306;-26.1999
19.4638;-26.1923
19.497;-26.1847
19.5302;-26.1771
19.5552;-26.1803
19.5883;-26.1725
19.6214;-26.1648
19.6465;-26.1572
19.6797;-26.1609
19.713;-26.1532
19.7382;-26.1459
19.7715;-26.1389
19.7967;-26.1317
19.8301;-26.1245
19.8634;-26.1173
19.8886;-26.1102
19.9218;-26.114
19.947;-26.1067
19.9803;-26.0996
20.0135;-26.0922
20.0386;-26.0844
20.0718;-26.0768
20.0968;-26.0689
20.13;-26.0611
20.1551;-26.0534
20.1884;-26.0459
20.2216;-26.0494
20.2468;-26.0421
20.2801;-26.0346
20.3052;-26.0269
20.3384;-26.0194
20.3636;-26.0121
20.3972;-26.0054
20.4226;-25.9985
20.456;-25.9913
20.4812;-25.9837
20.5145;-25.9763
20.5397;-25.969
20.573;-25.9616
20.5984;-25.9546
20.6318;-25.9472
20.6571;-25.9398
20.6906;-25.9321
20.7158;-25.9241
20.7491;-25.9162
20.7743;-25.9083
20.8076;-25.9005
20.8329;-25.8928
20.8664;-25.8852
20.8919;-25.8777
20.9254;-25.87
20.9508;-25.862
20.9843;-25.8543
21.0098;-25.8468
21.0433;-25.8392
21.0687;-25.8317
21.1023;-25.8243
21.1278;-25.8167
21.1614;-25.8093
21.1869;-25.802
21.2206;-25.7948
21.2462;-25.7765
21.2717;-25.7693
21.3054;-25.7618
21.3309;-25.7545
21.3646;-25.7469
21.3899;-25.739
21.4233;-25.7309
21.4486;-25.7229
21.4821;-25.7151
21.5077;-25.6966
21.5413;-25.6889
21.5668;-25.681
21.6003;-25.673
21.6256;-25.6653
21.659;-25.6576
21.6843;-25.6501
21.7178;-25.6314
21.7433;-25.624
21.769;-25.6169
21.803;-25.6098
21.8287;-25.603
21.8623;-25.5956
21.8877;-25.577
21.9212;-25.5694
21.9468;-25.562
21.9724;-25.5545
22.0061;-25.5467
22.0316;-25.5276
22.065;-25.5194
22.0905;-25.5115
22.1241;-25.5034
22.1496;-25.4955
22.1751;-25.4764
22.2087;-25.4687
22.2342;-25.4611
22.2677;-25.4534
22.2933;-25.4346
22.3187;-25.4267
22.3522;-25.4187
22.3777;-25.4107
22.4035;-25.3922
22.4374;-25.3848
22.4632;-25.3773
22.4888;-25.3587
22.5225;-25.3511
22.548;-25.3434
22.5736;-25.3247
22.6073;-25.3168
22.6331;-25.3092
22.6589;-25.3017
22.6847;-25.283
22.7184;-25.2753
22.7442;-25.2566
22.7699;-25.2488
22.8036;-25.2406
22.829;-25.221
22.8627;-25.2128
22.8884;-25.2045
22.914;-25.1853
22.9478;-25.1773
22.9738;-25.1587
22.9996;-25.1509
23.0335;-25.143
23.0595;-25.124
23.0934;-25.1161
23.1192;-25.097
23.145;-25.089
23.179;-25.0812
23.2049;-25.0621
23.2308;-25.0543
23.265;-25.0356
23.2907;-25.0275
23.3167;-25.0087
23.3508;-25.0009
23.3769;-24.9822
23.4111;-24.9744
23.4371;-24.9665
23.4712;-24.9476
23.497;-24.9392
23.5228;-24.9196
23.5566;-24.9109
23.5824;-24.8914
23.6164;-24.883
23.6424;-24.8637
23.6766;-24.8555
23.7025;-24.8361
23.7283;-24.8276
23.7624;-24.8084
23.7883;-24.8004
23.8143;-24.7817
23.8485;-24.774
23.8746;-24.7553
23.909;-24.7479
23.9351;-24.7292
23.9612;-24.7103
23.9953;-24.7023
24.0212;-24.6831
24.0471;-24.6751
24.0811;-24.6561
24.1072;-24.6483
24.1332;-24.6296
24.1673;-24.6216
24.1934;-24.6027
24.2273;-24.5943
24.2531;-24.575
24.2789;-24.567
24.3129;-24.548
24.3389;-24.5403
24.3648;-24.5214
24.3906;-24.5133
24.4244;-24.4938
24.4501;-24.4854
24.4757;-24.4658
24.5014;-24.4462
24.5353;-24.4379
24.5613;-24.4189
24.5872;-24.4108
24.6131;-24.3916
24.6472;-24.3835
24.6733;-24.3644
24.6995;-24.3454
24.7256;-24.3261
24.7517;-24.318
24.7777;-24.2985
24.8119;-24.2793
24.8378;-24.2709
24.8638;-24.2517
24.8901;-24.233
24.9163;-24.2253
24.9424;-24.2063
24.9684;-24.1982
24.9943;-24.1788
25.0202;-24.1707
25.0463;-24.1515
25.0724;-24.1324
25.0984;-24.1243
25.1243;-24.1048
25.1503;-24.0968
25.1764;-24.0777
25.2023;-24.0583
25.2363;-24.0498
25.2624;-24.0418
25.2888;-24.0229
25.3153;-24.0151
25.3416;-23.9959
25.3679;-23.9767
25.3859;-23.9684
25.412;-23.949
25.4382;-23.9297
25.4643;-23.9215
25.4904;-23.9022
25.5166;-23.883
25.5427;-23.8745
25.5689;-23.8552
25.5951;-23.8357
25.6213;-23.8274
25.6475;-23.8081
25.6737;-23.7889
25.6918;-23.7807
25.7183;-23.7617
25.7447;-23.7426
25.771;-23.7233
25.7973;-23.715
25.8236;-23.6956
25.8499;-23.6764
25.8763;-23.6684
25.8943;-23.649
25.92;-23.6292
25.9457;-23.6092
25.9715;-23.6004
25.9975;-23.5808
26.0237;-23.5615
26.0498;-23.5419
26.0758;-23.5223
26.1017;-23.5137
26.1279;-23.4943
26.1462;-23.4751
26.1727;-23.456
26.1991;-23.4479
26.2254;-23.4286
26.2516;-23.4091
26.2778;-23.3896
26.3039;-23.37
26.3221;-23.3508
26.3486;-23.3317
26.375;-23.3235
26.4014;-23.3042
26.4277;-23.2847
26.4541;-23.2654
26.4804;-23.246
26.4985;-23.2265
26.5249;-23.2071
26.5513;-23.1877
26.5778;-23.1681
26.6042;-23.1597
26.6226;-23.1401
26.6489;-23.1204
26.6751;-23.1007
26.7015;-23.0813
26.728;-23.0619
26.7544;-23.0426
26.7729;-23.0234
26.7997;-23.0153
26.8264;-22.9961
26.853;-22.9769
26.8793;-22.9572
26.9057;-22.9378
26.924;-22.9182
26.9505;-22.8987
26.9769;-22.8792
27.0034;-22.8596
27.0216;-22.8398
27.0482;-22.8205
27.0748;-22.801
27.1014;-22.7816
27.1281;-22.7624
27.1465;-22.7429
27.1732;-22.7236
27.1998;-22.7042
27.2265;-22.6848
27.2451;-22.6542
27.2718;-22.6348
27.2984;-22.6153
27.3249;-22.5957
27.3434;-22.5761
27.37;-22.5567
27.3967;-22.5371
27.4234;-22.5174
27.4419;-22.4978
27.4686;-22.4782
27.4953;-22.4586
27.5138;-22.439
27.5404;-22.4194
27.5671;-22.3887
27.594;-22.3693
27.6127;-22.3498
27.6393;-22.3301
27.666;-22.3105
27.6929;-22.2911
27.7116;-22.2715
27.7381;-22.2517
27.7567;-22.2322
27.7836;-22.2016
27.8102;-22.1821
27.8288;-22.1625
27.8555;-22.143
27.8741;-22.1233
27.9013;-22.104
27.9283;-22.0845
27.9468;-22.0537
27.9736;-22.0341
27.9922;-22.0146
28.0191;-21.9951
28.0377;-21.9754
28.0646;-21.9557
28.0835;-21.9249
28.1102;-21.9051
28.1289;-21.8855
28.1555;-21.8656
28.1741;-21.8459
28.2008;-21.815
28.2193;-21.7952
28.2461;-21.7754
28.2647;-21.7556
28.2916;-21.7359
28.3101;-21.716
28.3367;-21.685
28.3556;-21.6655
28.3826;-21.6459
28.4015;-21.6262
28.4203;-21.6066
28.4471;-21.5757
28.4658;-21.556
28.4927;-21.5364
28.5112;-21.5165
28.538;-21.4967
28.5568;-21.4768
28.5756;-21.446
28.6025;-21.4262
28.6212;-21.4065
28.6401;-21.3758
28.6668;-21.3558
28.6854;-21.3358
28.7122;-21.3159
28.731;-21.2961
28.7495;-21.2649
28.7763;-21.2451
28.7952;-21.2254
28.8141;-21.2056
28.8412;-21.186
28.8602;-21.1552
28.879;-21.1355
28.9059;-21.1157
28.9244;-21.0846
28.9431;-21.0646
28.9701;-21.0447
28.989;-21.0137
29.0078;-20.9937
29.0349;-20.9739
29.0539;-20.9542
29.0729;-20.9234
29.0999;-20.9035
29.1186;-20.8835
29.1374;-20.8524
29.1564;-20.8326
29.1833;-20.8126
29.2023;-20.7817
29.2212;-20.7619
29.2481;-20.7419
29.2671;-20.711
29.2864;-20.6913
29.3054;-20.6715
29.3243;-20.6405
29.351;-20.6204
29.3697;-20.6002
29.3886;-20.5691
29.4076;-20.5491
29.4346;-20.518
29.4536;-20.498
29.4728;-20.4783
29.492;-20.4474
29.511;-20.4275
29.5378;-20.3962
29.5566;-20.3761
29.5754;-20.3561
29.5944;-20.325
29.6132;-20.305
29.6405;-20.2741
29.6596;-20.2543
29.6786;-20.2344
29.6974;-20.2032
29.7164;-20.1834
29.7354;-20.1523
29.7544;-20.1323
29.7734;-20.1012
29.8005;-20.0811
29.8195;-20.05
29.8387;-20.03
29.8577;-19.9989
29.8768;-19.979
29.8959;-19.948
29.9153;-19.9282
29.9343;-19.8972
29.9531;-19.877
29.9802;-19.8569
29.9993;-19.8257
30.0184;-19.8058
30.0376;-19.7747
30.0565;-19.7547
30.0753;-19.7234
30.0942;-19.6922
30.1132;-19.672
30.1321;-19.6407
30.1514;-19.6208
30.1709;-19.5899
30.1904;-19.5701
30.2096;-19.539
30.2289;-19.519
30.248;-19.4878
30.2589;-19.4676
30.2783;-19.4365
30.2975;-19.4164
30.3166;-19.3852
30.3358;-19.3651
30.3549;-19.3338
30.3742;-19.3138
30.3934;-19.2827
30.4128;-19.2627
30.4239;-19.2315
30.4431;-19.2113
30.4622;-19.18
30.4812;-19.1597
30.5002;-19.1284
30.5193;-19.1082
30.5387;-19.0771
30.5497;-19.057
30.5687;-19.0257
30.5878;-19.0055
30.6072;-18.9744
30.6263;-18.9541
30.6373;-18.934
30.6565;-18.9028
30.6754;-18.8825
30.6864;-18.8514
30.7054;-18.8311
30.7244;-18.7997
30.7436;-18.7795
30.7549;-18.7482
30.7742;-18.728
30.7933;-18.6966
30.8043;-18.6762
30.8233;-18.6448
30.8424;-18.6244
30.8532;-18.5929
30.8722;-18.5725
30.891;-18.5408
30.9018;-18.5203
30.9208;-18.4887
30.9396;-18.4682
30.9502;-18.4364
30.9692;-18.4159
30.98;-18.3843
30.9988;-18.3637
31.0178;-18.3321
31.0287;-18.3116
31.0478;-18.2801
31.0668;-18.2597
31.0777;-18.2282
31.0968;-18.2078
31.1079;-18.1763
31.1272;-18.1559
31.1381;-18.1243
31.1572;-18.0927
31.1681;-18.0722
31.1874;-18.0408
31.2068;-18.0205
31.2177;-17.9889
31.2366;-17.9684
31.2476;-17.9368
31.2665;-17.9162
31.2772;-17.8844
31.2963;-17.8638
31.3073;-17.8322
31.3264;-17.8116
31.3375;-17.78
31.3567;-17.7484
31.3757;-17.7277
31.3867;-17.6961
31.4058;-17.6755
31.4171;-17.6439
31.4363;-17.6123
31.4472;-17.5917
31.4662;-17.5598
31.4772;-17.5392
31.4965;-17.5075
31.5076;-17.487
31.5267;-17.4552
31.5377;-17.4235
31.5486;-17.4029
31.5677;-17.3712
31.5787;-17.3505
31.5978;-17.3188
31.6088;-17.287
31.6197;-17.2663
31.6389;-17.2346
31.6499;-17.2138
31.6688;-17.1819
31.6796;-17.1501
31.6986;-17.1294
31.7096;-17.0976
31.7203;-17.0657
31.731;-17.0449
31.7497;-17.013
31.7606;-16.9923
31.7796;-16.9604
31.7906;-16.9285
31.8015;-16.9078
31.8207;-16.876
31.8315;-16.844
31.8507;-16.8233
31.8619;-16.7915
31.873;-16.7597
31.884;-16.7389
31.9033;-16.7069
31.9144;-16.675
31.9251;-16.654
31.9435;-16.6217
31.954;-16.5895
31.9643;-16.5683
31.9828;-16.5362
31.9931;-16.5151
32.0036;-16.483
32.0222;-16.4508
32.0329;-16.4298
32.0436;-16.3978
32.0544;-16.3769
32.0735;-16.3449
32.0843;-16.3128
32.0954;-16.2918
32.1068;-16.26
32.1261;-16.2391
32.1373;-16.2072
32.1484;-16.1752
32.1595;-16.1544
32.179;-16.1224
32.1904;-16.0905
32.2016;-16.0695
32.2129;-16.0375
32.2241;-16.0055
32.2352;-15.9846
32.2544;-15.9525
32.2655;-15.9315
32.2765;-15.8994
32.2876;-15.8672
32.3068;-15.846
32.3177;-15.8138
32.3282;-15.7814
32.3389;-15.7603
32.3495;-15.728
32.3604;-15.6959
32.3798;-15.675
32.3913;-15.6429
32.4025;-15.6219
32.4135;-15.5896
32.4248;-15.5574
32.436;-15.5362
32.4471;-15.504
32.4665;-15.4718
32.4778;-15.4397
32.4889;-15.4186
32.492;-15.3864
32.5112;-15.3541
32.522;-15.3329
32.5329;-15.3006
32.544;-15.2683
32.555;-15.236
32.5659;-15.2148
32.5769;-15.1824
32.5878;-15.1501
32.5988;-15.1177
32.6099;-15.0965
32.621;-15.0642
32.6322;-15.0318
32.6433;-15.0107
32.6541;-14.9783
32.6649;-14.9459
32.6756;-14.9136
32.6867;-14.8924
32.6976;-14.86
32.7087;-14.8276
32.72;-14.7953
32.7311;-14.7629
32.742;-14.7416
32.7528;-14.7092
32.7638;-14.6769
32.7751;-14.6558
32.7865;-14.6236
32.798;-14.5914
32.8089;-14.559
32.8196;-14.5266
32.8308;-14.5054
32.8419;-14.4732
32.8449;-14.4409
32.8562;-14.4198
32.8675;-14.3875
32.8785;-14.3552
32.8898;-14.323
32.9011;-14.3018
32.9123;-14.2696
32.9152;-14.2372
32.9267;-14.2049
32.9378;-14.1837
32.9489;-14.1514
32.96;-14.1191
32.963;-14.0868
32.974;-14.0656
32.9851;-14.0332
32.9963;-14.0008
33.0076;-13.9684
33.0105;-13.9471
33.0214;-13.9146
33.0324;-13.8822
33.0436;-13.8497
33.0468;-13.8285
33.0578;-13.796
33.0692;-13.7637
33.0803;-13.7313
33.0834;-13.71
33.0947;-13.6775
33.1065;-13.6452
33.1095;-13.6126
33.1205;-13.5911
33.1317;-13.5586
33.1345;-13.526
33.1455;-13.4934
33.1565;-13.4719
33.1595;-13.4393
33.1704;-13.4066
33.1815;-13.3739
33.1924;-13.3524
33.1956;-13.3198
33.2071;-13.2872
33.2185;-13.2546
33.2215;-13.233
33.2324;-13.2003
33.2352;-13.1676
33.2459;-13.1348
33.2566;-13.1133
33.2597;-13.0807
33.2711;-13.0482
33.2748;-13.0157
33.2863;-12.983
33.2976;-12.9615
33.3008;-12.9289
33.3124;-12.8964
33.3151;-12.8637
33.3255;-12.831
33.3281;-12.8094
33.3388;-12.7766
33.3491;-12.7438
33.352;-12.7111
33.3632;-12.6785
33.3666;-12.657
33.3782;-12.6245
33.3812;-12.592
33.3922;-12.5593
33.3952;-12.5267
33.4064;-12.5051
33.4091;-12.4724
33.4202;-12.4396
33.4231;-12.4069
33.4341;-12.3742
33.4369;-12.3414
33.4481;-12.3086
33.4513;-12.287
33.4626;-12.2543
33.4656;-12.2215
33.4768;-12.1887
33.4803;-12.156
33.4838;-12.1234
33.4948;-12.1017
33.5058;-12.0689
33.5086;-12.0361
33.5119;-12.0033
33.5234;-11.9705
33.5269;-11.9378
33.5383;-11.9052
33.5418;-11.8838
33.5454;-11.8511
33.557;-11.8184
33.5605;-11.7857
33.5717;-11.7527
33.5751;-11.72
33.5785;-11.6872
33.5898;-11.6656
33.5928;-11.6329
33.596;-11.6002
33.6071;-11.5675
33.61;-11.5347
33.6133;-11.5019
33.6249;-11.4692
33.6282;-11.4363
33.6315;-11.4034
33.6427;-11.3705
33.6458;-11.3376
33.6489;-11.3158
33.6519;-11.2829
33.6628;-11.25
33.6658;-11.2171
33.6686;-11.1841
33.6798;-11.1511
33.6828;-11.1181
33.6856;-11.0852
33.6887;-11.0523
33.6916;-11.0195
33.703;-10.9866
33.706;-10.9648
33.7091;-10.9319
33.7126;-10.8989
33.7241;-10.8661
33.7274;-10.8332
33.7308;-10.8002
33.7339;-10.7672
33.7369;-10.7342
33.7398;-10.7012
33.7509;-10.6681
33.7542;-10.6351
33.7575;-10.6133
33.7608;-10.5803
33.7638;-10.5473
33.7664;-10.5142
33.769;-10.4812
33.772;-10.4482
33.7835;-10.4151
33.7871;-10.382
33.7907;-10.3489
33.7942;-10.327
33.7974;-10.2938
33.8005;-10.2606
33.8037;-10.2276
33.8067;-10.1945
33.8097;-10.1615
33.8129;-10.1284
33.8162;-10.0953
33.8192;-10.0622
33.8222;-10.0289
33.825;-9.9957
33.8282;-9.97366
33.8317;-9.94062
33.8351;-9.90763
33.8384;-9.8746
33.8417;-9.84154
33.845;-9.80846
33.8481;-9.77528
33.8516;-9.74203
33.8553;-9.70883
33.8586;-9.67565
33.8617;-9.64253
33.8649;-9.6095
33.8601;-9.57635
33.8635;-9.54315
33.867;-9.50994
33.8703;-9.47672
33.8733;-9.44353
33.8768;-9.4103
33.8721;-9.37708
33.8753;-9.34383
33.8783;-9.32167
33.8817;-9.28837
33.8852;-9.25508
33.8802;-9.22176
33.8831;-9.18856
33.8863;-9.15537
33.8895;-9.12222
33.8925;-9.08896
33.8878;-9.05567
33.8912;-9.02224
33.8944;-8.98884
33.8973;-8.95552
33.9001;-8.92223
33.8944;-8.88898
33.897;-8.85576
33.8915;-8.82246
33.8947;-8.78917
33.8981;-8.75588
33.901;-8.72261
33.8957;-8.68943
33.8985;-8.65629
33.9014;-8.62324
33.8964;-8.60129
33.8997;-8.56828
33.903;-8.53521
33.8984;-8.5021
33.8934;-8.46898
33.8969;-8.43581
33.9001;-8.40258
33.8957;-8.38047
33.8992;-8.34724
33.9024;-8.31404
33.8974;-8.28088
33.9004;-8.24768
33.9033;-8.21442
33.9061;-8.18112
33.9011;-8.15888
33.9045;-8.12552
33.8994;-8.09211
33.9019;-8.05875
33.9043;-8.02535
33.899;-7.99193
33.9023;-7.95851
33.8972;-7.93619
33.9;-7.9028
33.9028;-7.86928
33.8978;-7.83575
33.9013;-7.80216
33.8966;-7.76861
33.8919;-7.73501
33.8953;-7.7126
33.8904;-7.67913
33.8935;-7.64569
33.8884;-7.61226
33.8835;-7.57872
33.8867;-7.54523
33.8814;-7.51174
33.8842;-7.4783
33.8789;-7.45587
33.8818;-7.42233
33.8764;-7.38878
33.879;-7.35533
33.8735;-7.32179
33.8761;-7.28824
33.8709;-7.25463
33.8656;-7.22106
33.8687;-7.18765
33.8637;-7.16539
33.8586;-7.13202
33.8614;-7.09862
33.8561;-7.06517
33.8509;-7.03156
33.8541;-6.99803
33.8486;-6.96453
33.8438;-6.94222
33.8472;-6.9088
33.8424;-6.87541
33.8373;-6.84204
33.8404;-6.80866
33.8353;-6.77528
33.8303;-6.75287
33.8331;-6.71941
33.8278;-6.6859
33.8306;-6.65248
33.825;-6.61911
33.8193;-6.58572
33.8141;-6.55227
33.8171;-6.52983
33.8124;-6.49615
33.8077;-6.46243
33.8109;-6.42876
33.8057;-6.39511
33.8008;-6.36143
33.7954;-6.33886
33.7981;-6.30522
33.7927;-6.27158
33.7878;-6.23788
33.7831;-6.20415
33.7782;-6.17044
33.7812;-6.1479
33.7762;-6.11428
33.7714;-6.08059
33.7663;-6.04691
33.7611;-6.0133
33.7561;-5.99077
33.7511;-5.95712
33.746;-5.92352
33.7489;-5.88998
33.7437;-5.85638
33.7384;-5.82275
33.7331;-5.78911
33.7275;-5.76658
33.7217;-5.73295
33.7163;-5.69932
33.719;-5.66573
33.7139;-5.63205
33.7093;-5.59825
33.7047;-5.56445
33.6995;-5.53075
33.6941;-5.49715
33.6967;-5.47469
33.6914;-5.44114
33.6861;-5.40759
33.6807;-5.37396
33.6748;-5.34034
33.6695;-5.30652
33.6639;-5.2726
33.6579;-5.23873
33.652;-5.21604
33.6462;-5.18228
33.6403;-5.14856
33.643;-5.11468
33.6377;-5.08078
33.6241;-5.0469
33.6186;-5.02414
33.6133;-4.99022
33.608;-4.95621
33.6027;-4.9221
33.5974;-4.88805
33.5917;-4.85417
33.5859;-4.82046
33.5803;-4.79786
33.5747;-4.76414
33.5694;-4.73041
33.5638;-4.6967
33.5579;-4.66298
33.5523;-4.64031
33.5467;-4.60649
33.541;-4.57273
33.5353;-4.53905
33.5296;-4.50547
33.5239;-4.48302
33.518;-4.44951
33.512;-4.41598
33.5065;-4.38225
33.5013;-4.34837
33.4959;-4.3256
33.4903;-4.29178
33.4847;-4.25797
33.471;-4.22428
33.4651;-4.19064
33.4597;-4.16808
33.454;-4.13439
33.4485;-4.10058
33.4431;-4.06677
33.4376;-4.03291
33.4317;-4.01019
33.4177;-3.9764
33.4119;-3.9426
33.4063;-3.90866
33.4006;-3.87482
33.3951;-3.852
33.3894;-3.81813
33.3752;-3.78434
33.3691;-3.75059
33.3633;-3.72788
33.3572;-3.6941
33.3514;-3.66024
33.3455;-3.62629
33.3395;-3.59235
33.3258;-3.56948
33.3198;-3.53563
33.314;-3.50179
33.308;-3.46807
33.2941;-3.43424
33.2884;-3.41149
33.2828;-3.37754
33.2768;-3.34363
33.2709;-3.30978
33.2572;-3.28697
33.2515;-3.25307
33.2458;-3.21912
33.2402;-3.18515
33.2262;-3.16231
33.2204;-3.12837
33.2144;-3.09444
33.2082;-3.06065
33.1939;-3.03809
33.1882;-3.00431
33.1825;-2.97056
33.177;-2.94775
33.1635;-2.91372
33.1585;-2.87956
33.1527;-2.84566
33.1466;-2.82288
33.1406;-2.78897
33.1348;-2.75503
33.1208;-2.72108
33.1149;-2.69835
33.1087;-2.66452
33.1027;-2.63072
33.0891;-2.60787
33.0834;-2.57389
33.0772;-2.54017
33.0712;-2.5063
33.0572;-2.48348
33.0514;-2.44948
33.0456;-2.41549
33.0315;-2.39271
33.026;-2.35877
33.0125;-2.32472
33.007;-2.29067
33.0015;-2.26772
32.9879;-2.23367
32.982;-2.19973
32.976;-2.1769
32.9621;-2.1429
32.9565;-2.10895
32.9507;-2.08616
32.9367;-2.05232
32.931;-2.01843
32.9251;-1.9845
32.9111;-1.96168
32.9049;-1.9278
32.8985;-1.89394
32.8841;-1.87118
32.8781;-1.83722
32.8722;-1.80328
32.8585;-1.7804
32.853;-1.74619
32.8397;-1.7119
32.8342;-1.68878
32.8285;-1.65466
32.8228;-1.62068
32.8091;-1.58664
32.8033;-1.56375
32.7892;-1.52974
32.7836;-1.49557
32.7782;-1.47245
32.7643;-1.4384
32.75;-1.40449
32.7439;-1.38169
32.7381;-1.34767
32.7322;-1.31376
32.7182;-1.29095
32.7125;-1.25697
32.6987;-1.23405
32.6929;-1.20006
32.6791;-1.16593
32.6734;-1.14286
32.6596;-1.1087
32.6542;-1.07442
32.6406;-1.05131
32.6428;-1.01728
32.6288;-0.98321
32.6146;-0.949153
32.6084;-0.926175
32.5943;-0.891997
32.5883;-0.857857
32.5742;-0.834865
32.5681;-0.80091
32.5543;-0.766809
32.5486;-0.743747
32.5426;-0.709621
32.5287;-0.675375
32.523;-0.652167
32.5092;-0.617937
32.4953;-0.594827
32.4895;-0.560672
32.4755;-0.526571
32.4696;-0.503594
32.4558;-0.469385
32.4416;-0.435207
32.4358;-0.412153
32.4301;-0.377934
32.4168;-0.343648
32.4113;-0.320502
32.3977;-0.286242
32.3839;-0.252018
32.3783;-0.228863
32.3642;-0.194705
32.3501;-0.160629
32.3444;-0.137658
32.3302;-0.103641
32.3245;-0.0695106
32.3107;-0.0465012
32.3048;-0.0124217
32.2908;0.0217558
32.2769;0.0449406
32.2627;0.0792504
32.257;0.113647
32.2431;0.136881
32.2288;0.171084
32.2146;0.205303
32.2085;0.22835
32.1946;0.262594
32.1804;0.296741
32.1746;0.319906
32.1606;0.35424
32.1468;0.377538
32.1326;0.411791
32.1264;0.446031
32.1123;0.469209
32.0982;0.503404
32.0839;0.526339
32.078;0.560402
32.0639;0.59451
32.0498;0.617488
32.036;0.651725
32.0304;0.686053
32.0166;0.709225
32.0031;0.7436
31.9893;0.766747
31.9749;0.800762
31.9687;0.834877
31.9548;0.85808
31.9409;0.892417
31.9271;0.915665
31.9211;0.949845
31.9068;0.972812
31.8928;1.00702
31.8787;1.03007
31.8726;1.06422
31.8584;1.09839
31.8441;1.12143
31.8296;1.15548
31.8152;1.17849
31.8007;1.21258
31.7947;1.23576
31.7807;1.2701
31.7668;1.30448
31.7525;1.32768
31.7383;1.36203
31.7241;1.38528
31.7099;1.41978
31.6961;1.44324
31.6903;1.47772
31.6761;1.501
31.6617;1.53527
31.6472;1.55838
31.6324;1.59252
31.6177;1.62665
31.6031;1.64962
31.5887;1.68381
31.5744;1.70694
31.5602;1.74119
31.5458;1.76427
31.5394;1.79843
31.5252;1.82172
31.5107;1.85591
31.4961;1.87898
31.4814;1.91303
31.467;1.93607
31.4521;1.97003
31.4376;1.99301
31.4232;2.02715
31.409;2.06143
31.3948;2.08463
31.3803;2.1189
31.366;2.14206
31.3514;2.17621
31.3368;2.19929
31.3217;2.23318
31.307;2.25619
31.2923;2.29034
31.2775;2.31327
31.2628;2.34737
31.2482;2.37035
31.2418;2.40453
31.2271;2.42748
31.2122;2.46155
31.1974;2.48449
31.1822;2.51835
31.1591;2.54124
31.1442;2.57523
31.1294;2.59819
31.1148;2.63238
31.1085;2.6555
31.0936;2.68949
31.0787;2.71232
31.0639;2.7463
31.0493;2.7694
31.0344;2.80336
31.0193;2.82604
31.0042;2.85991
30.9892;2.88272
30.9744;2.91676
30.9594;2.95067
30.9445;2.9735
30.9295;2.99628
30.9144;3.03014
30.8992;3.05292
30.8842;3.08683
30.8691;3.12068
30.8541;3.14338
30.839;3.17718
30.8241;3.20007
30.8091;3.23411
30.7942;3.25711
30.779;3.29112
30.7638;3.31398
30.7488;3.34791
30.7336;3.37067
30.7186;3.40456
30.7036;3.42727
30.6884;3.46107
30.6732;3.4838
30.6582;3.5178
30.6431;3.54064
30.628;3.57453
30.6125;3.59723
30.5972;3.63109
30.5818;3.65394
30.5663;3.68782
30.551;3.71073
30.5359;3.74481
30.5209;3.76769
30.4976;3.80157
30.4906;3.8242
30.4672;3.85795
30.4521;3.88071
30.4366;3.91452
30.4213;3.93734
30.4062;3.9714
30.3907;3.9941
30.3752;4.02781
30.3599;4.05063
30.3447;4.08452
30.3292;4.1072
30.3136;4.12979
30.2981;4.16358
30.2825;4.18625
30.2669;4.21996
30.2517;4.24274
30.2362;4.27643
30.2208;4.29901
30.2056;4.33275
30.1906;4.35546
30.1754;4.38924
30.1605;4.41211
30.1454;4.43486
30.1301;4.46875
30.1147;4.49153
30.0994;4.52538
30.0839;4.54797
30.0682;4.58157
30.0528;4.6042
30.0376;4.63811
30.0223;4.66089
29.9989;4.69483
29.9838;4.71778
29.9688;4.75188
29.9533;4.77453
29.9375;4.80803
29.922;4.83063
29.9064;4.86432
29.8909;4.88693
29.8755;4.90964
29.8605;4.94369
29.8455;4.96662
29.8303;5.00061
29.8069;5.02341
29.7918;5.05741
29.7762;5.08006
29.7606;5.11373
29.7449;5.13633
29.7295;5.17011
29.714;5.19281
29.6986;5.2266
29.6833;5.24929
29.6598;5.27202
29.6447;5.30609
29.6294;5.32897
29.614;5.36292
29.5986;5.38562
29.583;5.41929
29.5675;5.44184
29.5521;5.47564
29.5288;5.49846
29.5132;5.52109
29.4977;5.55486
29.4822;5.57748
29.4668;5.6113
29.4513;5.63393
29.4357;5.66749
29.4203;5.6902
29.4049;5.72413
29.3894;5.74682
29.3658;5.78069
29.3501;5.80332
29.3343;5.83692
29.3182;5.85919
29.3025;5.89275
29.2867;5.91519
29.2713;5.94898
29.2558;5.97165
29.2405;5.99447
29.2252;6.02846
29.2018;6.05124
29.1865;6.08506
29.1708;6.10755
29.1552;6.14117
29.14;6.16395
29.1246;6.19782
29.109;6.22048
29.085;6.24284
29.0691;6.27632
29.0531;6.29868
29.0373;6.3323
29.0217;6.35488
29.0061;6.38862
28.9905;6.41122
28.9667;6.44479
28.9511;6.46735
28.9357;6.49001
28.92;6.52368
28.9042;6.54623
28.8887;6.58008
28.8649;6.60277
28.8493;6.63658
28.8334;6.65911
28.8176;6.69273
28.8016;6.7152
28.7858;6.74877
28.7702;6.77132
28.7544;6.79384
28.7307;6.82749
28.7148;6.84992
28.6989;6.88344
28.6829;6.90591
28.6672;6.93957
28.6516;6.96213
28.6359;6.99588
28.612;7.01843
28.5963;7.05213
28.5805;7.07471
28.5646;7.10833
28.5486;7.13065
28.5331;7.15326
28.5096;7.18711
28.4941;7.20978
28.4783;7.2435
28.4625;7.26607
28.4466;7.29973
28.4308;7.32223
28.4069;7.34475
28.3912;7.37838
28.3753;7.40077
28.3594;7.43428
28.3436;7.45673
28.328;7.49037
28.3121;7.51273
28.2879;7.5349
28.2722;7.56846
28.2565;7.59096
28.2405;7.6245
28.2247;7.647
28.2089;7.66952
28.193;7.70301
28.1691;7.72548
28.1535;7.75922
28.1378;7.7817
28.1221;7.80424
28.1061;7.83781
28.0904;7.86039
28.0747;7.89418
28.0507;7.91673
28.035;7.95046
28.0194;7.97313
28.0035;7.99567
27.9879;8.02948
27.9722;8.05197
27.9565;8.08553
27.9406;8.10783
27.9246;8.14117
27.9087;8.16351
27.8928;8.186
27.869;8.21969
27.853;8.24209
27.8369;8.27551
27.8211;8.29799
27.8052;8.32046
27.7896;8.35413
27.7736;8.37643
27.7495;8.40988
27.7336;8.43232
27.7177;8.46593
27.7017;8.48827
27.6859;8.51077
27.6703;8.54453
27.6547;8.56719
27.6309;8.601
27.6152;8.62359
27.5993;8.64612
27.5837;8.67982
27.568;8.70241
27.544;8.73597
27.528;8.75831
27.5121;8.78065
27.4962;8.81421
27.4806;8.83689
27.4649;8.87069
27.4411;8.89334
27.4254;8.92694
27.4095;8.94925
27.3936;8.97164
27.3779;9.00524
27.3623;9.02783
27.3465;9.06129
27.3224;9.08368
27.3067;9.10621
27.291;9.13989
27.2752;9.16238
27.2593;9.19584
27.2435;9.21829
27.2275;9.25176
27.2035;9.27419
27.1874;9.29655
27.1713;9.33002
27.1552;9.35234
27.1391;9.38574
27.1234;9.40825
27.0996;9.43078
27.0835;9.46427
27.0677;9.48684
27.052;9.52058
27.0364;9.54327
27.0128;9.57702
26.9971;9.5996
26.9813;9.62216
26.9655;9.65578
26.9415;9.67823
26.9257;9.70075
26.91;9.73454
26.8943;9.7572
26.8784;9.79078
26.8543;9.81314
26.8386;9.84688
26.8227;9.86933
26.807;9.89191
26.7914;9.92566
26.7676;9.94826
26.7517;9.98172
26.7356;10.0041
26.7195;10.0376
26.7038;10.0602
26.688;10.0828
26.664;10.1165
26.6482;10.139
26.6325;10.1726
26.6167;10.1952
26.6005;10.2174
26.5765;10.2509
26.5607;10.2735
26.5448;10.3071
26.5289;10.3295
26.5131;10.363
26.4891;10.3855
26.4734;10.408
26.4577;10.4417
26.4418;10.4642
26.4179;10.4867
26.4019;10.5202
26.3861;10.5428
26.3703;10.5764
26.3463;10.5988
26.3304;10.6324
26.3148;10.655
26.299;10.6776
26.2753;10.7114
26.2596;10.7339
26.2437;10.7565
26.228;10.7903
26.2041;10.8128
26.1882;10.8465
26.1726;10.8691
26.1567;10.9027
26.1326;10.9252
26.1168;10.9478
26.1014;10.9817
26.086;11.0044
26.062;11.0381
26.046;11.0604
26.0301;11.0828
26.0142;11.1164
25.9901;11.1389
25.974;11.1722
25.9581;11.1946
25.9422;11.2169
25.9266;11.2506
25.9027;11.273
25.8867;11.2953
25.871;11.329
25.8473;11.3517
25.8314;11.3852
25.8156;11.4077
25.7999;11.4302
25.7762;11.4639
25.7605;11.4865
25.7449;11.5091
25.7292;11.5427
25.7054;11.5653
25.6896;11.5878
25.6738;11.6214
25.6498;11.6439
25.634;11.6664
25.6183;11.7001
25.6026;11.7226
25.5786;11.745
25.5626;11.7785
25.5467;11.8009
25.5308;11.8344
25.5066;11.8568
25.4907;11.8793
25.475;11.913
25.451;11.9356
25.4351;11.9582
25.4192;11.9919
25.4032;12.0145
25.3874;12.0371
25.3634;12.0708
25.3478;12.0936
25.3319;12.1272
25.3077;12.1496
25.2916;12.1719
25.2758;12.2055
25.2597;12.2279
25.2358;12.2505
25.22;12.2842
25.2042;12.3068
25.1885;12.3294
25.1648;12.3632
25.1493;12.386
25.1337;12.4197
25.11;12.4424
25.0945;12.4651
25.0789;12.4988
25.0549;12.5212
25.0389;12.5435
25.0229;12.5769
25.007;12.5993
24.9833;12.6219
24.9677;12.6557
24.9521;12.6784
24.9285;12.7011
24.913;12.7349
24.8971;12.7573
24.8813;12.7798
24.8574;12.8135
24.8417;12.836
24.8264;12.8588
24.8028;12.8814
24.7873;12.915
24.7715;12.9374
24.7477;12.971
24.7321;12.9936
24.7166;13.0164
24.6934;13.0394
24.6781;13.0734
24.6628;13.0963
24.6393;13.1192
24.6238;13.1531
24.6082;13.1756
24.5843;13.1981
24.5687;13.2208
24.5454;13.2549
24.5302;13.2779
24.5069;13.301
24.4915;13.335
24.4761;13.3577
24.4529;13.3808
24.4377;13.4038
24.4226;13.4379
24.3993;13.4609
24.384;13.4837
24.3607;13.5067
24.3454;13.5406
24.3223;13.5636
24.3073;13.5867
24.2922;13.6097
24.269;13.6439
24.2541;13.6671
24.2313;13.6904
24.2163;13.7136
24.1931;13.7477
24.178;13.7706
24.1548;13.7936
24.1399;13.8167
24.1168;13.8509
24.1016;13.8739
24.0787;13.8971
24.0636;13.9202
24.0489;13.9435
24.0257;13.9777
24.0109;14.0008
23.988;14.0241
23.9733;14.0475
23.9506;14.071
23.9359;14.0946
23.9132;14.1293
23.8985;14.1526
23.8759;14.1762
23.8612;14.1996
23.8383;14.2229
23.8236;14.2463
23.8008;14.2697
23.7863;14.3042
23.7635;14.3278
23.7488;14.3513
23.7338;14.3745
23.711;14.3979
23.6958;14.4211
23.6728;14.4444
23.6579;14.4677
23.6347;14.4908
23.6196;14.5138
23.6048;14.5372
23.5819;14.5605
23.5671;14.5839
23.5523;14.6072
23.5294;14.6306
23.5147;14.6541
23.4998;14.6773
23.4767;14.6894
23.4616;14.7126
23.4465;14.7356
23.4233;14.7587
23.4084;14.7819
23.3936;14.8052
23.3787;14.8173
23.3558;14.8406
23.3412;14.864
23.3264;14.8874
23.3114;14.9106
23.2884;14.9227
23.2736;14.9461
23.2585;14.9692
23.2435;14.9922
23.2202;15.0041
23.205;15.0273
23.1897;15.0503
23.1745;15.0735
23.1592;15.0853
23.144;15.1084
23.1207;15.1317
23.1057;15.1549
23.0907;15.1671
23.0755;15.1902
23.0605;15.2135
23.0452;15.2253
23.0219;15.2484
23.0066;15.2714
22.9915;15.2946
22.976;15.3066
22.9607;15.3297
22.9454;15.3527
22.9221;15.3647
22.907;15.3879
22.8919;15.411
22.8769;15.4231
22.8618;15.4464
22.8465;15.4695
22.8313;15.4815
22.8079;15.5046
22.7928;15.5277
22.7776;15.5396
22.7623;15.5626
22.7468;15.5855
22.7315;15.5974
22.7161;15.6203
22.7005;15.6431
22.6851;15.6549
22.6616;15.6779
22.6462;15.7007
22.6307;15.7125
22.615;15.7352
22.5993;15.7578
22.5837;15.7694
22.5683;15.7923
22.5527;15.8151
22.5371;15.8268
22.5214;15.8495
22.4976;15.8723
22.4821;15.884
22.4664;15.9067
22.4508;15.9183
22.4352;15.9411
22.4196;15.9638
22.4038;15.9753
22.3881;15.998
22.3722;16.0206
22.3482;16.032
22.3322;16.0546
22.3161;16.0659
22.2999;16.0882
22.2838;16.1104
22.2675;16.1215
22.2514;16.1438
22.2353;16.166
22.2189;16.1769
22.2025;16.199
22.1861;16.2211
22.1699;16.2323
22.1537;16.2546
22.1375;16.2769
22.1213;16.288
22.1051;16.3102
22.089;16.3325
22.0729;16.3437
22.0564;16.3657
22.04;16.3878
22.0238;16.3988
22.0156;16.4209
21.9992;16.4318
21.9829;16.4539
21.9666;16.476
21.9503;16.4871
21.9342;16.5094
21.9181;16.5318
21.9018;16.5429
21.8855;16.5651
21.8694;16.5875
21.8531;16.5986
21.8369;16.6209
21.8205;16.643
21.8041;16.6541
21.7877;16.6763
21.7795;16.6876
21.7633;16.7099
21.7471;16.7322
21.7308;16.7433
21.7146;16.7655
21.6985;16.788
21.6824;16.7993
21.6661;16.8216
21.6579;16.8439
21.6415;16.8551
21.6252;16.8774
21.609;16.8886
21.5927;16.9107
21.5846;16.9219
21.5683;16.9442
21.5521;16.9554
21.5438;16.9776
21.5274;16.9887
21.5112;16.9999
21.5031;17.0222
21.487;17.0334
21.4709;17.0448
21.4627;17.067
21.4466;17.0782
21.4384;17.0894
21.4223;17.1118
21.4062;17.1232
21.3982;17.1344
21.382;17.1568
21.3741;17.168
21.3662;17.1794
21.3501;17.1906
21.3424;17.2019
21.3263;17.2242
21.3183;17.2353
21.3101;17.2461
21.2938;17.257
21.2776;17.2679
21.2695;17.2898
21.2613;17.3006
21.245;17.3115
21.2369;17.3224
21.2286;17.3333
21.2123;17.3442
21.2042;17.3552
21.196;17.3663
21.1799;17.3886
21.1718;17.3997
21.1557;17.4109
21.1476;17.422
21.1396;17.4332
21.1234;17.4443
21.1152;17.4555
21.1071;17.4666
21.0906;17.4887
21.0823;17.4997
21.074;17.5107
21.0576;17.5217
21.0495;17.5329
21.0412;17.5439
21.0328;17.5548
21.0164;17.5657
21.0082;17.5767
20.9998;17.5876
20.9835;17.6098
20.9753;17.6209
20.9673;17.6321
20.959;17.6431
20.943;17.6544
20.9349;17.6655
20.927;17.6768
20.9189;17.6881
20.9028;17.6992
20.8947;17.7216
20.8868;17.7329
20.8705;17.744
20.8623;17.7551
20.854;17.7661
20.8376;17.777
20.8293;17.7879
20.821;17.7989
20.8129;17.81
20.7966;17.8323
20.7885;17.8435
20.7804;17.8547
20.7643;17.866
20.7562;17.8771
20.7483;17.8883
20.7321;17.8994
20.7239;17.9104
20.716;17.9217
20.7;17.933
20.6921;17.9553
20.6841;17.9665
20.6681;17.9778
20.6602;17.989
20.6521;18.0001
20.6441;18.0113
20.6279;18.0224
20.6197;18.0335
20.6115;18.0556
20.5952;18.0667
20.587;18.0778
20.5788;18.0888
20.5626;18.1
20.5545;18.1112
20.5465;18.1225
20.5386;18.1338
20.5225;18.1451
20.5147;18.1565
20.5067;18.1678
20.4988;18.1791
20.491;18.1905
20.4748;18.2017
20.4667;18.2129
20.4586;18.2241
20.4504;18.2352
20.4424;18.2464
20.4342;18.2575
20.4261;18.2686
20.418;18.2686
20.4098;18.2798
20.4017;18.2909
20.3936;18.3021
20.3855;18.3133
20.3772;18.3243
20.3689;18.3243
20.3608;18.3354
20.3527;18.3466
20.3445;18.3577
20.3364;18.3577
20.3283;18.3688
20.3283;18.38
20.3201;18.38
20.312;18.3912
20.3039;18.4023
20.2956;18.4023
20.2955;18.4132
20.2872;18.4131
20.2791;18.4243
20.2789;18.4352
20.2707;18.4351
20.2625;18.4462
20.2625;18.4462
20.2545;18.4463
20.2544;18.4574
20.2463;18.4685
20.2464;18.4686
20.2384;18.4687
20.2384;18.4798
20.2303;18.4798
20.2303;18.4798
20.2221;18.4909
20.2221;18.4909
20.2222;18.4909
20.214;18.502
20.214;18.5021
20.214;18.502
20.214;18.502
20.206;18.5133
20.206;18.5133
20.206;18.5133
20.2061;18.5134
20.2061;18.5134
20.2062;18.5134
20.2062;18.5134
20.198;18.5246
20.198;18.5246
20.1981;18.5246
20.1982;18.5247
20.1982;18.5247
20.1982;18.5248
20.1982;18.5248
20.2064;18.5137
20.2064;18.5136
20.2063;18.5135
20.2064;18.5245
20.2063;18.5132
20.2064;18.5131
20.2064;18.5131
20.2064;18.5131
20.2063;18.5128
20.2064;18.5127
20.2064;18.5127
20.2064;18.5127
20.2064;18.5126
20.2066;18.5127
20.2065;18.5126
20.2067;18.5127
20.2066;18.5127
20.2066;18.5127
20.2066;18.5127
20.2066;18.5127
20.2066;18.5127
20.2066;18.5127
20.2066;18.5127
20.2066;18.5126
20.2064;18.5125
20.2064;18.5125
20.2064;18.5125
20.2064;18.5125
20.2064;18.5126
20.2064;18.5126
20.2064;18.5126
20.2064;18.5126
20.2064;18.5126
20.2064;18.5126
20.2064;18.5127
20.2064;18.5127
20.2064;18.5127
20.2064;18.5127
20.2064;18.5127
20.2064;18.5127
20.2064;18.5127
20.2064;18.5127
20.2066;18.5128
20.2065;18.5127
20.2065;18.5127
20.2065;18.5127
20.2065;18.5127
20.2065;18.5127
20.2065;18.5127
20.2065;18.5126
20.2065;18.5126
20.2065;18.5126
20.2065;18.5126
20.2065;18.5126
20.2146;18.5126
20.2146;18.5126
20.2146;18.5126
20.2146;18.5126
20.2146;18.5126
20.2146;18.5126
20.2146;18.5126
20.2145;18.5126
20.3211;18.4679